system_time_start,LST_C_L5,LST_C_L7,LST_C_L8,LST_C_L9,year,month,day
13/04/1984,-2.424,,,,1984,4,13
29/04/1984,1.132,,,,1984,4,29
29/04/1984,,,,,1984,4,29
31/05/1984,-9.158,,,,1984,5,31
31/05/1984,-9.056,,,,1984,5,31
25/06/1984,-5.375,,,,1984,6,25
11/07/1984,34.874,,,,1984,7,11
29/09/1984,,,,,1984,9,29
15/10/1984,,,,,1984,10,15
31/10/1984,13.086,,,,1984,10,31
07/11/1984,5.573,,,,1984,11,7
07/11/1984,,,,,1984,11,7
02/12/1984,,,,,1984,12,2
09/12/1984,,,,,1984,12,9
10/01/1985,-17.386,,,,1985,1,10
19/01/1985,-17.542,,,,1985,1,19
11/02/1985,-18.775,,,,1985,2,11
11/02/1985,-19.431,,,,1985,2,11
27/02/1985,,,,,1985,2,27
27/02/1985,,,,,1985,2,27
15/03/1985,,,,,1985,3,15
24/03/1985,,,,,1985,3,24
31/03/1985,,,,,1985,3,31
31/03/1985,,,,,1985,3,31
16/04/1985,,,,,1985,4,16
02/05/1985,,,,,1985,5,2
02/05/1985,,,,,1985,5,2
11/05/1985,,,,,1985,5,11
18/05/1985,,,,,1985,5,18
31/08/1985,21.541,,,,1985,8,31
07/02/1986,-19.906,,,,1986,2,7
23/02/1986,,,,,1986,2,23
28/04/1986,17.979,,,,1986,4,28
14/05/1986,,,,,1986,5,14
15/06/1986,23.931,,,,1986,6,15
01/07/1986,26.199,,,,1986,7,1
17/07/1986,,,,,1986,7,17
02/08/1986,22.054,,,,1986,8,2
18/08/1986,,,,,1986,8,18
03/09/1986,,,,,1986,9,3
19/09/1986,,,,,1986,9,19
21/10/1986,,,,,1986,10,21
25/01/1987,,,,,1987,1,25
01/02/1987,-16.823,,,,1987,2,1
01/02/1987,-18.158,,,,1987,2,1
26/02/1987,-7.543,,,,1987,2,26
05/03/1987,-13.53,,,,1987,3,5
05/03/1987,-13.53,,,,1987,3,5
14/03/1987,-8.242,,,,1987,3,14
21/03/1987,,,,,1987,3,21
21/03/1987,,,,,1987,3,21
30/03/1987,,,,,1987,3,30
06/04/1987,,,,,1987,4,6
22/04/1987,,,,,1987,4,22
01/05/1987,,,,,1987,5,1
08/05/1987,,,,,1987,5,8
08/05/1987,,,,,1987,5,8
17/05/1987,,,,,1987,5,17
24/05/1987,,,,,1987,5,24
24/05/1987,,,,,1987,5,24
02/06/1987,,,,,1987,6,2
04/07/1987,,,,,1987,7,4
11/07/1987,18.008,,,,1987,7,11
11/07/1987,18.325,,,,1987,7,11
20/07/1987,,,,,1987,7,20
27/07/1987,,,,,1987,7,27
12/08/1987,,,,,1987,8,12
12/08/1987,,,,,1987,8,12
21/08/1987,,,,,1987,8,21
13/09/1987,,,,,1987,9,13
22/09/1987,,,,,1987,9,22
29/09/1987,,,,,1987,9,29
08/10/1987,,,,,1987,10,8
15/10/1987,,,,,1987,10,15
24/10/1987,,,,,1987,10,24
31/10/1987,4.23,,,,1987,10,31
31/10/1987,4.097,,,,1987,10,31
19/01/1988,,,,,1988,1,19
20/02/1988,,,,,1988,2,20
20/02/1988,,,,,1988,2,20
29/02/1988,,,,,1988,2,29
24/04/1988,-3.493,,,,1988,4,24
24/04/1988,-3.493,,,,1988,4,24
03/05/1988,,,,,1988,5,3
06/07/1988,,,,,1988,7,6
22/07/1988,,,,,1988,7,22
07/08/1988,,,,,1988,8,7
08/09/1988,15.96,,,,1988,9,8
24/09/1988,,,,,1988,9,24
01/10/1988,,,,,1988,10,1
01/10/1988,,,,,1988,10,1
17/10/1988,14.17,,,,1988,10,17
17/10/1988,13.712,,,,1988,10,17
26/10/1988,-1.664,,,,1988,10,26
11/11/1988,-5.035,,,,1988,11,11
30/01/1989,-8.234,,,,1989,1,30
19/03/1989,-1.206,,,,1989,3,19
07/06/1989,20.255,,,,1989,6,7
23/06/1989,,,,,1989,6,23
25/07/1989,,,,,1989,7,25
10/08/1989,20.085,,,,1989,8,10
26/08/1989,,,,,1989,8,26
11/09/1989,,,,,1989,9,11
13/10/1989,,,,,1989,10,13
14/11/1989,,,,,1989,11,14
02/02/1990,,,,,1990,2,2
18/02/1990,,,,,1990,2,18
06/03/1990,,,,,1990,3,6
22/03/1990,,,,,1990,3,22
09/05/1990,23.263,,,,1990,5,9
10/06/1990,,,,,1990,6,10
12/07/1990,20.942,,,,1990,7,12
28/07/1990,24.554,,,,1990,7,28
13/08/1990,,,,,1990,8,13
29/08/1990,23.701,,,,1990,8,29
30/09/1990,,,,,1990,9,30
16/10/1990,15.346,,,,1990,10,16
20/01/1991,-12.231,,,,1991,1,20
12/02/1991,,,,,1991,2,12
12/02/1991,,,,,1991,2,12
28/02/1991,-6.457,,,,1991,2,28
16/03/1991,5.73,,,,1991,3,16
16/03/1991,6.288,,,,1991,3,16
10/04/1991,,,,,1991,4,10
28/05/1991,,,,,1991,5,28
13/06/1991,,,,,1991,6,13
15/07/1991,,,,,1991,7,15
31/07/1991,,,,,1991,7,31
16/08/1991,20.85,,,,1991,8,16
01/09/1991,,,,,1991,9,1
03/10/1991,,,,,1991,10,3
19/10/1991,,,,,1991,10,19
12/04/1992,1.168,,,,1992,4,12
28/04/1992,,,,,1992,4,28
14/05/1992,,,,,1992,5,14
30/05/1992,,,,,1992,5,30
01/07/1992,26.995,,,,1992,7,1
17/07/1992,20.89,,,,1992,7,17
02/08/1992,,,,,1992,8,2
03/09/1992,,,,,1992,9,3
19/09/1992,14.979,,,,1992,9,19
06/11/1992,,,,,1992,11,6
25/01/1993,,,,,1993,1,25
14/03/1993,-1.688,,,,1993,3,14
30/03/1993,,,,,1993,3,30
15/04/1993,-2.343,,,,1993,4,15
01/05/1993,22.301,,,,1993,5,1
17/05/1993,22.233,,,,1993,5,17
02/06/1993,23.224,,,,1993,6,2
18/06/1993,,,,,1993,6,18
04/07/1993,,,,,1993,7,4
20/07/1993,,,,,1993,7,20
27/07/1993,,,,,1993,7,27
27/07/1993,,,,,1993,7,27
05/08/1993,,,,,1993,8,5
21/08/1993,,,,,1993,8,21
06/09/1993,11.655,,,,1993,9,6
22/09/1993,13.05,,,,1993,9,22
29/09/1993,,,,,1993,9,29
29/09/1993,,,,,1993,9,29
08/10/1993,,,,,1993,10,8
15/10/1993,,,,,1993,10,15
15/10/1993,,,,,1993,10,15
13/02/1994,,,,,1994,2,13
17/03/1994,,,,,1994,3,17
02/04/1994,,,,,1994,4,2
18/04/1994,,,,,1994,4,18
04/05/1994,2.693,,,,1994,5,4
05/06/1994,,,,,1994,6,5
21/06/1994,,,,,1994,6,21
07/07/1994,,,,,1994,7,7
23/07/1994,27.187,,,,1994,7,23
08/08/1994,18.885,,,,1994,8,8
24/08/1994,,,,,1994,8,24
09/09/1994,,,,,1994,9,9
25/09/1994,,,,,1994,9,25
11/10/1994,7.533,,,,1994,10,11
27/10/1994,,,,,1994,10,27
12/11/1994,,,,,1994,11,12
31/01/1995,,,,,1995,1,31
16/02/1995,,,,,1995,2,16
20/03/1995,-5.835,,,,1995,3,20
05/04/1995,-1.399,,,,1995,4,5
21/04/1995,2.464,,,,1995,4,21
23/05/1995,18.789,,,,1995,5,23
24/06/1995,,,,,1995,6,24
10/07/1995,27.58,,,,1995,7,10
11/08/1995,17.005,,,,1995,8,11
12/09/1995,,,,,1995,9,12
15/11/1995,,,,,1995,11,15
10/02/1996,,,,,1996,2,10
10/02/1996,,,,,1996,2,10
26/02/1996,-7.628,,,,1996,2,26
26/02/1996,-7.628,,,,1996,2,26
13/03/1996,,,,,1996,3,13
13/03/1996,,,,,1996,3,13
29/03/1996,-5.756,,,,1996,3,29
07/04/1996,0.675,,,,1996,4,7
23/04/1996,,,,,1996,4,23
30/04/1996,,,,,1996,4,30
30/04/1996,,,,,1996,4,30
25/05/1996,,,,,1996,5,25
01/06/1996,26.826,,,,1996,6,1
01/06/1996,26.72,,,,1996,6,1
10/06/1996,25.207,,,,1996,6,10
17/06/1996,,,,,1996,6,17
17/06/1996,,,,,1996,6,17
26/06/1996,,,,,1996,6,26
03/07/1996,,,,,1996,7,3
03/07/1996,,,,,1996,7,3
19/07/1996,,,,,1996,7,19
28/07/1996,,,,,1996,7,28
04/08/1996,,,,,1996,8,4
04/08/1996,,,,,1996,8,4
13/08/1996,,,,,1996,8,13
20/08/1996,,,,,1996,8,20
20/08/1996,18.135,,,,1996,8,20
29/08/1996,,,,,1996,8,29
05/09/1996,,,,,1996,9,5
05/09/1996,,,,,1996,9,5
21/09/1996,,,,,1996,9,21
30/09/1996,,,,,1996,9,30
07/10/1996,,,,,1996,10,7
16/10/1996,,,,,1996,10,16
23/10/1996,,,,,1996,10,23
08/11/1996,,,,,1996,11,8
27/01/1997,-8.734,,,,1997,1,27
27/01/1997,-8.73,,,,1997,1,27
16/03/1997,,,,,1997,3,16
16/03/1997,,,,,1997,3,16
01/04/1997,,,,,1997,4,1
01/04/1997,,,,,1997,4,1
10/04/1997,,,,,1997,4,10
03/05/1997,,,,,1997,5,3
03/05/1997,,,,,1997,5,3
19/05/1997,,,,,1997,5,19
04/06/1997,,,,,1997,6,4
04/06/1997,,,,,1997,6,4
13/06/1997,,,,,1997,6,13
29/06/1997,25.749,,,,1997,6,29
15/07/1997,,,,,1997,7,15
22/07/1997,,,,,1997,7,22
22/07/1997,,,,,1997,7,22
31/07/1997,,,,,1997,7,31
07/08/1997,20.158,,,,1997,8,7
07/08/1997,20.144,,,,1997,8,7
16/08/1997,18.751,,,,1997,8,16
23/08/1997,,,,,1997,8,23
01/09/1997,,,,,1997,9,1
08/09/1997,,,,,1997,9,8
08/09/1997,,,,,1997,9,8
17/09/1997,14.054,,,,1997,9,17
04/11/1997,,,,,1997,11,4
11/11/1997,,,,,1997,11,11
20/11/1997,-7.05,,,,1997,11,20
27/11/1997,-7.071,,,,1997,11,27
06/12/1997,,,,,1997,12,6
14/01/1998,,,,,1998,1,14
30/01/1998,,,,,1998,1,30
08/02/1998,,,,,1998,2,8
19/03/1998,,,,,1998,3,19
19/03/1998,,,,,1998,3,19
04/04/1998,,,,,1998,4,4
04/04/1998,,,,,1998,4,4
13/04/1998,,,,,1998,4,13
29/04/1998,,,,,1998,4,29
15/05/1998,,,,,1998,5,15
31/05/1998,,,,,1998,5,31
07/06/1998,32.964,,,,1998,6,7
07/06/1998,33.051,,,,1998,6,7
16/06/1998,,,,,1998,6,16
09/07/1998,,,,,1998,7,9
09/07/1998,,,,,1998,7,9
10/08/1998,22.058,,,,1998,8,10
10/08/1998,22.051,,,,1998,8,10
19/08/1998,,,,,1998,8,19
26/08/1998,,,,,1998,8,26
11/09/1998,,,,,1998,9,11
20/09/1998,,,,,1998,9,20
27/09/1998,,,,,1998,9,27
13/10/1998,,,,,1998,10,13
13/10/1998,,,,,1998,10,13
22/10/1998,,,,,1998,10,22
07/11/1998,,,,,1998,11,7
14/11/1998,,,,,1998,11,14
14/11/1998,,,,,1998,11,14
16/12/1998,,,,,1998,12,16
17/01/1999,-4.115,,,,1999,1,17
27/02/1999,-2.796,,,,1999,2,27
02/05/1999,14.278,,,,1999,5,2
18/05/1999,17.635,,,,1999,5,18
03/06/1999,,,,,1999,6,3
05/07/1999,28.847,,,,1999,7,5
13/07/1999,,19.495,,,1999,7,13
20/07/1999,,26.891,,,1999,7,20
20/07/1999,,26.879,,,1999,7,20
21/07/1999,,,,,1999,7,21
29/07/1999,,22.185,,,1999,7,29
06/08/1999,,,,,1999,8,6
14/08/1999,,,,,1999,8,14
21/08/1999,,,,,1999,8,21
21/08/1999,,,,,1999,8,21
22/08/1999,,,,,1999,8,22
30/08/1999,,,,,1999,8,30
07/09/1999,,,,,1999,9,7
15/09/1999,,22.308,,,1999,9,15
23/09/1999,,,,,1999,9,23
01/10/1999,,,,,1999,10,1
25/10/1999,,,,,1999,10,25
02/11/1999,,,,,1999,11,2
18/11/1999,,,,,1999,11,18
25/11/1999,,,,,1999,11,25
03/12/1999,,,,,1999,12,3
04/12/1999,,,,,1999,12,4
20/12/1999,,,,,1999,12,20
05/01/2000,,,,,2000,1,5
13/01/2000,-9.57,,,,2000,1,13
22/02/2000,,-8.627,,,2000,2,22
10/04/2000,,-1.513,,,2000,4,10
26/04/2000,,16.432,,,2000,4,26
04/05/2000,,,,,2000,5,4
12/05/2000,,20.07,,,2000,5,12
27/05/2000,,,,,2000,5,27
28/05/2000,,,,,2000,5,28
05/06/2000,,,,,2000,6,5
12/06/2000,,,,,2000,6,12
13/06/2000,,26.617,,,2000,6,13
23/07/2000,,,,,2000,7,23
31/07/2000,,,,,2000,7,31
08/08/2000,,,,,2000,8,8
16/08/2000,,,,,2000,8,16
01/09/2000,,,,,2000,9,1
09/09/2000,16.581,,,,2000,9,9
26/10/2000,,,,,2000,10,26
26/10/2000,,,,,2000,10,26
27/10/2000,,,,,2000,10,27
03/11/2000,,,,,2000,11,3
03/11/2000,,,,,2000,11,3
11/11/2000,,2.402,,,2000,11,11
11/11/2000,,2.515,,,2000,11,11
19/11/2000,0.711,,,,2000,11,19
19/11/2000,,,,,2000,11,19
20/11/2000,,,,,2000,11,20
27/11/2000,,,,,2000,11,27
27/11/2000,,,,,2000,11,27
06/12/2000,,,,,2000,12,6
13/12/2000,,,,,2000,12,13
22/12/2000,,-11.545,,,2000,12,22
15/01/2001,-8.148,,,,2001,1,15
24/02/2001,,,,,2001,2,24
12/03/2001,,,,,2001,3,12
28/03/2001,,-3.338,,,2001,3,28
29/04/2001,,,,,2001,4,29
15/05/2001,,,,,2001,5,15
23/05/2001,20.339,,,,2001,5,23
31/05/2001,,,,,2001,5,31
24/06/2001,,,,,2001,6,24
02/07/2001,,,,,2001,7,2
18/07/2001,,17.705,,,2001,7,18
26/07/2001,,,,,2001,7,26
03/08/2001,,,,,2001,8,3
11/08/2001,14.706,,,,2001,8,11
19/08/2001,,25.204,,,2001,8,19
27/08/2001,,,,,2001,8,27
04/09/2001,,-16.632,,,2001,9,4
20/09/2001,,,,,2001,9,20
06/10/2001,,13.248,,,2001,10,6
13/10/2001,,,,,2001,10,13
13/10/2001,,,,,2001,10,13
29/10/2001,,,,,2001,10,29
07/11/2001,,,,,2001,11,7
15/11/2001,,,,,2001,11,15
30/11/2001,,,,,2001,11,30
09/12/2001,,-9.975,,,2001,12,9
10/01/2002,,,,,2002,1,10
26/01/2002,,,,,2002,1,26
03/02/2002,0.075,,,,2002,2,3
11/02/2002,,,,,2002,2,11
19/02/2002,,,,,2002,2,19
27/02/2002,,,,,2002,2,27
07/03/2002,,,,,2002,3,7
31/03/2002,,,,,2002,3,31
16/04/2002,,,,,2002,4,16
02/05/2002,,20.717,,,2002,5,2
18/05/2002,,22.26,,,2002,5,18
03/06/2002,,20.352,,,2002,6,3
11/06/2002,,,,,2002,6,11
19/06/2002,,29.718,,,2002,6,19
27/06/2002,23.938,,,,2002,6,27
05/07/2002,,,,,2002,7,5
21/07/2002,,21.081,,,2002,7,21
06/08/2002,,,,,2002,8,6
22/08/2002,,,,,2002,8,22
07/09/2002,,,,,2002,9,7
16/10/2002,,,,,2002,10,16
25/10/2002,,,,,2002,10,25
01/11/2002,,4.453,,,2002,11,1
01/11/2002,,3.967,,,2002,11,1
10/11/2002,,,,,2002,11,10
17/11/2002,,,,,2002,11,17
17/11/2002,,,,,2002,11,17
26/11/2002,,,,,2002,11,26
20/01/2003,,,,,2003,1,20
20/01/2003,,,,,2003,1,20
29/01/2003,,,,,2003,1,29
14/02/2003,,,,,2003,2,14
02/03/2003,,,,,2003,3,2
18/03/2003,,-0.841,,,2003,3,18
25/03/2003,,4.089,,,2003,3,25
25/03/2003,,4.089,,,2003,3,25
19/04/2003,,,,,2003,4,19
05/05/2003,,22.037,,,2003,5,5
21/05/2003,,,,,2003,5,21
16/07/2003,,,,,2003,7,16
23/07/2003,,,,,2003,7,23
23/07/2003,,,,,2003,7,23
01/08/2003,20.906,,,,2003,8,1
08/08/2003,18.467,,,,2003,8,8
17/08/2003,24.23,,,,2003,8,17
24/08/2003,,,,,2003,8,24
24/08/2003,,,,,2003,8,24
02/09/2003,,,,,2003,9,2
09/09/2003,,,,,2003,9,9
09/09/2003,,,,,2003,9,9
18/09/2003,19.331,,,,2003,9,18
25/09/2003,,,,,2003,9,25
25/09/2003,,,,,2003,9,25
26/09/2003,,12.392,,,2003,9,26
11/10/2003,,,,,2003,10,11
11/10/2003,,,,,2003,10,11
28/10/2003,,-1.024,,,2003,10,28
13/11/2003,,0.685,,,2003,11,13
15/01/2004,,,,,2004,1,15
24/01/2004,-19.32,,,,2004,1,24
31/01/2004,,,,,2004,1,31
31/01/2004,,,,,2004,1,31
25/02/2004,,,,,2004,2,25
12/03/2004,0.402,,,,2004,3,12
19/03/2004,,,,,2004,3,19
13/04/2004,,,,,2004,4,13
20/04/2004,,,,,2004,4,20
06/05/2004,,,,,2004,5,6
22/05/2004,,,,,2004,5,22
22/05/2004,,,,,2004,5,22
31/05/2004,,,,,2004,5,31
07/06/2004,19.932,,,,2004,6,7
07/06/2004,20.369,,,,2004,6,7
08/06/2004,,,,,2004,6,8
23/06/2004,22.177,,,,2004,6,23
23/06/2004,,,,,2004,6,23
24/06/2004,,,,,2004,6,24
02/07/2004,,,,,2004,7,2
09/07/2004,,,,,2004,7,9
09/07/2004,,,,,2004,7,9
18/07/2004,,,,,2004,7,18
25/07/2004,,,,,2004,7,25
25/07/2004,,,,,2004,7,25
03/08/2004,21.003,,,,2004,8,3
10/08/2004,24.781,,,,2004,8,10
10/08/2004,24.776,,,,2004,8,10
11/08/2004,,,,,2004,8,11
19/08/2004,21.945,,,,2004,8,19
26/08/2004,,,,,2004,8,26
04/09/2004,21.119,,,,2004,9,4
11/09/2004,,,,,2004,9,11
20/09/2004,,,,,2004,9,20
27/09/2004,,,,,2004,9,27
22/10/2004,6.496,,,,2004,10,22
30/10/2004,,,,,2004,10,30
14/11/2004,,,,,2004,11,14
14/11/2004,,,,,2004,11,14
30/11/2004,-3.346,,,,2004,11,30
30/11/2004,-3.11,,,,2004,11,30
01/12/2004,,,,,2004,12,1
09/12/2004,,,,,2004,12,9
16/12/2004,-5.344,,,,2004,12,16
25/12/2004,,,,,2004,12,25
10/01/2005,,,,,2005,1,10
17/01/2005,-6.429,,,,2005,1,17
17/01/2005,-6.429,,,,2005,1,17
26/01/2005,,,,,2005,1,26
27/02/2005,,,,,2005,2,27
15/03/2005,,,,,2005,3,15
31/03/2005,1.441,,,,2005,3,31
15/04/2005,,,,,2005,4,15
15/04/2005,,,,,2005,4,15
16/04/2005,,,,,2005,4,16
24/04/2005,,,,,2005,4,24
02/05/2005,19.93,,,,2005,5,2
09/05/2005,,,,,2005,5,9
09/05/2005,,,,,2005,5,9
10/05/2005,,,,,2005,5,10
25/05/2005,20.203,,,,2005,5,25
25/05/2005,20.179,,,,2005,5,25
26/05/2005,,,,,2005,5,26
03/06/2005,18.762,,,,2005,6,3
10/06/2005,,,,,2005,6,10
19/06/2005,17.993,,,,2005,6,19
26/06/2005,,,,,2005,6,26
27/06/2005,,21.118,,,2005,6,27
12/07/2005,,,,,2005,7,12
12/07/2005,,,,,2005,7,12
21/07/2005,,,,,2005,7,21
28/07/2005,29.726,,,,2005,7,28
28/07/2005,29.696,,,,2005,7,28
29/07/2005,,30.738,,,2005,7,29
06/08/2005,,,,,2005,8,6
13/08/2005,,,,,2005,8,13
22/08/2005,16.583,,,,2005,8,22
29/08/2005,,,,,2005,8,29
29/08/2005,,,,,2005,8,29
30/08/2005,,,,,2005,8,30
07/09/2005,20.265,,,,2005,9,7
14/09/2005,14.415,,,,2005,9,14
14/09/2005,14.331,,,,2005,9,14
23/09/2005,17.321,,,,2005,9,23
30/09/2005,,,,,2005,9,30
01/10/2005,,,,,2005,10,1
08/10/2005,,,,,2005,10,8
08/10/2005,,,,,2005,10,8
09/10/2005,13.091,,,,2005,10,9
16/10/2005,,,,,2005,10,16
16/10/2005,,,,,2005,10,16
25/10/2005,,,,,2005,10,25
01/11/2005,9.065,,,,2005,11,1
10/11/2005,,,,,2005,11,10
17/11/2005,,,,,2005,11,17
18/11/2005,,,,,2005,11,18
26/11/2005,-7.172,,,,2005,11,26
04/12/2005,,,,,2005,12,4
05/02/2006,,,,,2006,2,5
05/02/2006,,,,,2006,2,5
14/02/2006,-5.281,,,,2006,2,14
09/03/2006,,,,,2006,3,9
03/04/2006,,,,,2006,4,3
18/04/2006,,,,,2006,4,18
18/04/2006,,,,,2006,4,18
19/04/2006,,,,,2006,4,19
05/05/2006,14.03,,,,2006,5,5
12/05/2006,,,,,2006,5,12
12/05/2006,,,,,2006,5,12
21/05/2006,,,,,2006,5,21
28/05/2006,,,,,2006,5,28
28/05/2006,,,,,2006,5,28
13/06/2006,25.311,,,,2006,6,13
13/06/2006,25.415,,,,2006,6,13
14/06/2006,,,,,2006,6,14
22/06/2006,,,,,2006,6,22
29/06/2006,,,,,2006,6,29
29/06/2006,,,,,2006,6,29
08/07/2006,24.756,,,,2006,7,8
15/07/2006,,,,,2006,7,15
15/07/2006,,,,,2006,7,15
16/07/2006,,17.225,,,2006,7,16
24/07/2006,23.825,,,,2006,7,24
31/07/2006,,,,,2006,7,31
31/07/2006,,,,,2006,7,31
09/08/2006,,,,,2006,8,9
16/08/2006,14.22,,,,2006,8,16
16/08/2006,14.177,,,,2006,8,16
25/08/2006,,,,,2006,8,25
01/09/2006,,,,,2006,9,1
01/09/2006,,,,,2006,9,1
10/09/2006,18.11,,,,2006,9,10
17/09/2006,10.134,,,,2006,9,17
17/09/2006,,,,,2006,9,17
26/09/2006,19.162,,,,2006,9,26
12/10/2006,,,,,2006,10,12
19/10/2006,,,,,2006,10,19
19/10/2006,,,,,2006,10,19
28/10/2006,,,,,2006,10,28
07/12/2006,,,,,2006,12,7
16/01/2007,,,,,2007,1,16
17/02/2007,-2.489,,,,2007,2,17
05/03/2007,,,,,2007,3,5
13/03/2007,,6.459,,,2007,3,13
29/03/2007,,,,,2007,3,29
05/04/2007,,4.233,,,2007,4,5
14/04/2007,,18.871,,,2007,4,14
21/04/2007,,6.986,,,2007,4,21
21/04/2007,,6.543,,,2007,4,21
30/04/2007,,13.87,,,2007,4,30
08/05/2007,,,,,2007,5,8
24/05/2007,,,,,2007,5,24
08/06/2007,,,,,2007,6,8
08/06/2007,,,,,2007,6,8
09/06/2007,,,,,2007,6,9
16/06/2007,,,,,2007,6,16
16/06/2007,,,,,2007,6,16
24/06/2007,,,,,2007,6,24
24/06/2007,,,,,2007,6,24
25/06/2007,,,,,2007,6,25
11/07/2007,,,,,2007,7,11
18/07/2007,,,,,2007,7,18
18/07/2007,,,,,2007,7,18
19/07/2007,,23.178,,,2007,7,19
26/07/2007,,,,,2007,7,26
26/07/2007,,,,,2007,7,26
27/07/2007,,,,,2007,7,27
03/08/2007,,,,,2007,8,3
03/08/2007,,,,,2007,8,3
04/08/2007,,14.129,,,2007,8,4
19/08/2007,21.291,,,,2007,8,19
19/08/2007,21.243,,,,2007,8,19
28/08/2007,,,,,2007,8,28
04/09/2007,,,,,2007,9,4
04/09/2007,,,,,2007,9,4
13/09/2007,,,,,2007,9,13
20/09/2007,3.892,,,,2007,9,20
29/09/2007,,,,,2007,9,29
14/10/2007,,,,,2007,10,14
14/10/2007,,,,,2007,10,14
07/03/2008,,,,,2008,3,7
31/03/2008,,7.128,,,2008,3,31
02/05/2008,,,,,2008,5,2
26/05/2008,,,,,2008,5,26
03/06/2008,,25.712,,,2008,6,3
26/06/2008,,,,,2008,6,26
26/06/2008,,,,,2008,6,26
28/07/2008,,,,,2008,7,28
28/07/2008,,,,,2008,7,28
06/08/2008,,,,,2008,8,6
13/08/2008,,,,,2008,8,13
13/08/2008,,,,,2008,8,13
30/08/2008,15.278,,,,2008,8,30
01/10/2008,,,,,2008,10,1
09/10/2008,,,,,2008,10,9
17/10/2008,,,,,2008,10,17
25/10/2008,,6.818,,,2008,10,25
03/12/2008,,,,,2008,12,3
06/02/2009,,,,,2009,2,6
25/03/2009,,-8.026,,,2009,3,25
25/03/2009,,-8.035,,,2009,3,25
03/04/2009,,8.889,,,2009,4,3
10/04/2009,,,,,2009,4,10
10/04/2009,,,,,2009,4,10
19/04/2009,,,,,2009,4,19
26/04/2009,,,,,2009,4,26
26/04/2009,,,,,2009,4,26
27/04/2009,11.469,,,,2009,4,27
13/05/2009,,,,,2009,5,13
20/05/2009,,,,,2009,5,20
20/05/2009,,,,,2009,5,20
05/06/2009,,,,,2009,6,5
13/06/2009,,,,,2009,6,13
13/06/2009,,,,,2009,6,13
14/06/2009,20.28,,,,2009,6,14
21/06/2009,,,,,2009,6,21
21/06/2009,,,,,2009,6,21
30/06/2009,,,,,2009,6,30
07/07/2009,,,,,2009,7,7
07/07/2009,,,,,2009,7,7
16/07/2009,23.288,,,,2009,7,16
23/07/2009,,,,,2009,7,23
23/07/2009,,,,,2009,7,23
24/07/2009,,17.443,,,2009,7,24
31/07/2009,,,,,2009,7,31
01/08/2009,21.169,,,,2009,8,1
08/08/2009,20.31,,,,2009,8,8
08/08/2009,20.315,,,,2009,8,8
16/08/2009,,,,,2009,8,16
16/08/2009,,,,,2009,8,16
17/08/2009,10.894,,,,2009,8,17
24/08/2009,18.475,,,,2009,8,24
24/08/2009,18.481,,,,2009,8,24
25/08/2009,,21.155,,,2009,8,25
01/09/2009,,,,,2009,9,1
01/09/2009,,,,,2009,9,1
02/09/2009,20.482,,,,2009,9,2
09/09/2009,18.925,,,,2009,9,9
09/09/2009,19.03,,,,2009,9,9
10/09/2009,,17.953,,,2009,9,10
18/09/2009,16.537,,,,2009,9,18
25/09/2009,,,,,2009,9,25
25/09/2009,,,,,2009,9,25
26/09/2009,,14.674,,,2009,9,26
04/10/2009,,,,,2009,10,4
19/10/2009,,-0.361,,,2009,10,19
27/10/2009,,,,,2009,10,27
05/11/2009,,,,,2009,11,5
12/11/2009,,,,,2009,11,12
12/11/2009,,,,,2009,11,12
20/11/2009,,9.162,,,2009,11,20
20/11/2009,,8.62,,,2009,11,20
21/11/2009,,,,,2009,11,21
28/11/2009,,,,,2009,11,28
07/12/2009,2.963,,,,2009,12,7
24/01/2010,-13.699,,,,2010,1,24
09/02/2010,-13.086,,,,2010,2,9
29/03/2010,,,,,2010,3,29
06/04/2010,,,,,2010,4,6
13/04/2010,,,,,2010,4,13
13/04/2010,,,,,2010,4,13
21/04/2010,,,,,2010,4,21
21/04/2010,,,,,2010,4,21
22/04/2010,,,,,2010,4,22
30/04/2010,,,,,2010,4,30
07/05/2010,,,,,2010,5,7
08/06/2010,22.033,,,,2010,6,8
08/06/2010,22.045,,,,2010,6,8
16/06/2010,,15.633,,,2010,6,16
17/06/2010,17.825,,,,2010,6,17
24/06/2010,,,,,2010,6,24
24/06/2010,,,,,2010,6,24
02/07/2010,,24.456,,,2010,7,2
03/07/2010,24.403,,,,2010,7,3
10/07/2010,29.65,,,,2010,7,10
10/07/2010,29.555,,,,2010,7,10
11/07/2010,,27.42,,,2010,7,11
19/07/2010,17.72,,,,2010,7,19
26/07/2010,,,,,2010,7,26
26/07/2010,,,,,2010,7,26
27/07/2010,,9.753,,,2010,7,27
04/08/2010,,,,,2010,8,4
11/08/2010,,,,,2010,8,11
11/08/2010,,,,,2010,8,11
12/08/2010,,,,,2010,8,12
19/08/2010,,,,,2010,8,19
19/08/2010,,,,,2010,8,19
20/08/2010,18.425,,,,2010,8,20
27/08/2010,,,,,2010,8,27
27/08/2010,,,,,2010,8,27
04/09/2010,,,,,2010,9,4
05/09/2010,,,,,2010,9,5
12/09/2010,,,,,2010,9,12
12/09/2010,,,,,2010,9,12
20/09/2010,,,,,2010,9,20
21/09/2010,,,,,2010,9,21
06/10/2010,,,,,2010,10,6
07/10/2010,,,,,2010,10,7
22/10/2010,,,,,2010,10,22
23/10/2010,,,,,2010,10,23
30/10/2010,7.924,,,,2010,10,30
30/10/2010,7.914,,,,2010,10,30
03/02/2011,,,,,2011,2,3
12/02/2011,-4.691,,,,2011,2,12
28/02/2011,1.475,,,,2011,2,28
07/03/2011,-3.97,,,,2011,3,7
16/03/2011,,,,,2011,3,16
23/03/2011,3.642,,,,2011,3,23
24/03/2011,,,,,2011,3,24
09/04/2011,,,,,2011,4,9
16/04/2011,,,,,2011,4,16
16/04/2011,,,,,2011,4,16
17/04/2011,,,,,2011,4,17
24/04/2011,17.208,,,,2011,4,24
24/04/2011,16.925,,,,2011,4,24
25/04/2011,,,,,2011,4,25
02/05/2011,,,,,2011,5,2
10/05/2011,21.462,,,,2011,5,10
10/05/2011,21.408,,,,2011,5,10
19/05/2011,23.719,,,,2011,5,19
26/05/2011,20.511,,,,2011,5,26
26/05/2011,20.914,,,,2011,5,26
03/06/2011,,20.726,,,2011,6,3
03/06/2011,,20.729,,,2011,6,3
04/06/2011,,,,,2011,6,4
11/06/2011,,,,,2011,6,11
11/06/2011,,,,,2011,6,11
19/06/2011,,,,,2011,6,19
19/06/2011,,,,,2011,6,19
20/06/2011,,,,,2011,6,20
27/06/2011,18.121,,,,2011,6,27
27/06/2011,17.934,,,,2011,6,27
28/06/2011,,20.073,,,2011,6,28
05/07/2011,,,,,2011,7,5
05/07/2011,,,,,2011,7,5
06/07/2011,,,,,2011,7,6
13/07/2011,18.616,,,,2011,7,13
13/07/2011,,,,,2011,7,13
14/07/2011,,,,,2011,7,14
29/07/2011,,,,,2011,7,29
06/08/2011,,,,,2011,8,6
06/08/2011,,,,,2011,8,6
14/08/2011,-12.449,,,,2011,8,14
14/08/2011,-12.209,,,,2011,8,14
22/08/2011,,,,,2011,8,22
23/08/2011,25.115,,,,2011,8,23
30/08/2011,11.12,,,,2011,8,30
30/08/2011,,,,,2011,8,30
31/08/2011,,,,,2011,8,31
07/09/2011,,,,,2011,9,7
15/09/2011,,,,,2011,9,15
15/09/2011,,,,,2011,9,15
16/09/2011,,,,,2011,9,16
23/09/2011,,,,,2011,9,23
23/09/2011,,,,,2011,9,23
24/09/2011,14.065,,,,2011,9,24
02/10/2011,,17.799,,,2011,10,2
09/10/2011,,,,,2011,10,9
09/10/2011,,,,,2011,10,9
17/10/2011,6.73,,,,2011,10,17
18/10/2011,,,,,2011,10,18
25/10/2011,,,,,2011,10,25
25/10/2011,,,,,2011,10,25
02/11/2011,,,,,2011,11,2
02/11/2011,,,,,2011,11,2
03/11/2011,,6.22,,,2011,11,3
19/11/2011,,,,,2011,11,19
26/11/2011,,,,,2011,11,26
26/11/2011,,,,,2011,11,26
12/12/2011,,,,,2011,12,12
14/02/2012,,,,,2012,2,14
14/02/2012,,,,,2012,2,14
17/03/2012,,8.874,,,2012,3,17
26/03/2012,,3.945,,,2012,3,26
11/04/2012,,,,,2012,4,11
18/04/2012,,,,,2012,4,18
27/04/2012,,,,,2012,4,27
13/05/2012,,,,,2012,5,13
29/05/2012,,,,,2012,5,29
21/06/2012,,,,,2012,6,21
30/06/2012,,,,,2012,6,30
23/07/2012,,16.083,,,2012,7,23
23/07/2012,,16.183,,,2012,7,23
01/08/2012,,,,,2012,8,1
08/08/2012,,,,,2012,8,8
08/08/2012,,,,,2012,8,8
17/08/2012,,,,,2012,8,17
09/09/2012,,17.343,,,2012,9,9
09/09/2012,,16.883,,,2012,9,9
18/09/2012,,16.821,,,2012,9,18
25/09/2012,,,,,2012,9,25
25/09/2012,,,,,2012,9,25
04/10/2012,,,,,2012,10,4
11/10/2012,,,,,2012,10,11
11/10/2012,,,,,2012,10,11
20/10/2012,,15.451,,,2012,10,20
12/11/2012,,,,,2012,11,12
21/11/2012,,,,,2012,11,21
07/12/2012,,,,,2012,12,7
04/03/2013,,-1.651,,,2013,3,4
04/03/2013,,-1.655,,,2013,3,4
20/03/2013,,,,,2013,3,20
29/03/2013,,,,,2013,3,29
29/03/2013,,,,,2013,3,29
13/04/2013,,,,,2013,4,13
13/04/2013,,,,,2013,4,13
14/04/2013,,5.468,,,2013,4,14
21/04/2013,,,,,2013,4,21
21/04/2013,,,,,2013,4,21
22/04/2013,,,,,2013,4,22
30/04/2013,,,,,2013,4,30
23/05/2013,,,,,2013,5,23
08/06/2013,,,,,2013,6,8
08/06/2013,,,,,2013,6,8
09/06/2013,,,,,2013,6,9
16/06/2013,,,,,2013,6,16
16/06/2013,,,,,2013,6,16
17/06/2013,,,,,2013,6,17
02/07/2013,,,20.695,,2013,7,2
02/07/2013,,,20.726,,2013,7,2
03/07/2013,,,,,2013,7,3
10/07/2013,,20.345,,,2013,7,10
10/07/2013,,20.304,,,2013,7,10
18/07/2013,,,,,2013,7,18
18/07/2013,,,,,2013,7,18
19/07/2013,,,,,2013,7,19
26/07/2013,,,,,2013,7,26
26/07/2013,,,,,2013,7,26
27/07/2013,,,27.406,,2013,7,27
03/08/2013,,,31,,2013,8,3
03/08/2013,,,31.014,,2013,8,3
04/08/2013,,,,,2013,8,4
11/08/2013,,,,,2013,8,11
11/08/2013,,,,,2013,8,11
12/08/2013,,,18.271,,2013,8,12
19/08/2013,,,,,2013,8,19
19/08/2013,,,,,2013,8,19
27/08/2013,,,,,2013,8,27
27/08/2013,,,,,2013,8,27
28/08/2013,,,,,2013,8,28
05/09/2013,,17.96,,,2013,9,5
13/09/2013,,,,,2013,9,13
28/09/2013,,,,,2013,9,28
28/09/2013,,,,,2013,9,28
29/09/2013,,,8.419,,2013,9,29
07/10/2013,,,,,2013,10,7
14/10/2013,,,,,2013,10,14
14/10/2013,,,,,2013,10,14
15/10/2013,,,,,2013,10,15
22/10/2013,,,,,2013,10,22
22/10/2013,,,,,2013,10,22
23/10/2013,,,,,2013,10,23
30/10/2013,,,,,2013,10,30
30/10/2013,,,,,2013,10,30
31/10/2013,,,5.098,,2013,10,31
08/11/2013,,,,,2013,11,8
16/11/2013,,,0.126,,2013,11,16
01/12/2013,,,,,2013,12,1
01/12/2013,,,,,2013,12,1
02/12/2013,,,-1.662,,2013,12,2
18/12/2013,,,,,2013,12,18
03/01/2014,,,,,2014,1,3
11/01/2014,,,,,2014,1,11
18/01/2014,,,,,2014,1,18
18/01/2014,,,,,2014,1,18
19/01/2014,,,,,2014,1,19
04/02/2014,,,-1.727,,2014,2,4
12/02/2014,,,,,2014,2,12
20/02/2014,,,,,2014,2,20
28/02/2014,,,,,2014,2,28
07/03/2014,,4.806,,,2014,3,7
07/03/2014,,4.911,,,2014,3,7
08/03/2014,,,5.154,,2014,3,8
23/03/2014,,,,,2014,3,23
08/04/2014,,,,,2014,4,8
08/04/2014,,,,,2014,4,8
09/04/2014,,,,,2014,4,9
17/04/2014,,,,,2014,4,17
24/04/2014,,,,,2014,4,24
25/04/2014,,,14.048,,2014,4,25
10/05/2014,,,,,2014,5,10
10/05/2014,,,,,2014,5,10
11/05/2014,,,,,2014,5,11
19/05/2014,,,,,2014,5,19
26/05/2014,,,,,2014,5,26
26/05/2014,,,,,2014,5,26
03/06/2014,,,,,2014,6,3
03/06/2014,,,,,2014,6,3
04/06/2014,,,,,2014,6,4
11/06/2014,,,,,2014,6,11
11/06/2014,,,,,2014,6,11
12/06/2014,,,,,2014,6,12
19/06/2014,,,,,2014,6,19
27/06/2014,,,,,2014,6,27
27/06/2014,,,,,2014,6,27
28/06/2014,,,,,2014,6,28
05/07/2014,,,,,2014,7,5
05/07/2014,,,,,2014,7,5
06/07/2014,,,,,2014,7,6
13/07/2014,,,,,2014,7,13
13/07/2014,,,,,2014,7,13
14/07/2014,,,17.482,,2014,7,14
21/07/2014,,,,,2014,7,21
21/07/2014,,,,,2014,7,21
22/07/2014,,,,,2014,7,22
29/07/2014,,,,,2014,7,29
29/07/2014,,,,,2014,7,29
30/07/2014,,,,,2014,7,30
06/08/2014,,,,,2014,8,6
06/08/2014,,,,,2014,8,6
07/08/2014,,,,,2014,8,7
14/08/2014,,,,,2014,8,14
14/08/2014,,,,,2014,8,14
15/08/2014,,,,,2014,8,15
22/08/2014,,,14.897,,2014,8,22
22/08/2014,,,14.864,,2014,8,22
23/08/2014,,,,,2014,8,23
30/08/2014,,,,,2014,8,30
30/08/2014,,,,,2014,8,30
31/08/2014,,,,,2014,8,31
07/09/2014,,,17.792,,2014,9,7
07/09/2014,,,17.701,,2014,9,7
08/09/2014,,,,,2014,9,8
15/09/2014,,18.174,,,2014,9,15
15/09/2014,,18.064,,,2014,9,15
16/09/2014,,,,,2014,9,16
23/09/2014,,,,,2014,9,23
24/09/2014,,6.089,,,2014,9,24
01/10/2014,,,,,2014,10,1
01/10/2014,,,,,2014,10,1
02/10/2014,,,,,2014,10,2
09/10/2014,,,,,2014,10,9
09/10/2014,,,,,2014,10,9
10/10/2014,,,,,2014,10,10
17/10/2014,,,,,2014,10,17
18/10/2014,,,,,2014,10,18
25/10/2014,,,,,2014,10,25
25/10/2014,,,,,2014,10,25
26/10/2014,,,,,2014,10,26
02/11/2014,,,,,2014,11,2
02/11/2014,,,,,2014,11,2
03/11/2014,,,,,2014,11,3
10/11/2014,,,,,2014,11,10
10/11/2014,,,,,2014,11,10
26/11/2014,,,-0.895,,2014,11,26
26/11/2014,,,-1.078,,2014,11,26
27/11/2014,,,,,2014,11,27
04/12/2014,,2.165,,,2014,12,4
12/12/2014,,,,,2014,12,12
12/12/2014,,,,,2014,12,12
13/12/2014,,,,,2014,12,13
21/12/2014,,,,,2014,12,21
28/12/2014,,,,,2014,12,28
06/01/2015,,,-9.106,,2015,1,6
13/01/2015,,,-0.836,,2015,1,13
13/01/2015,,,-0.87,,2015,1,13
14/01/2015,,,,,2015,1,14
21/01/2015,,,,,2015,1,21
21/01/2015,,-5.004,,,2015,1,21
29/01/2015,,,,,2015,1,29
29/01/2015,,,,,2015,1,29
06/02/2015,,,,,2015,2,6
07/02/2015,,,-5.829,,2015,2,7
14/02/2015,,,,,2015,2,14
14/02/2015,,,,,2015,2,14
15/02/2015,,,,,2015,2,15
22/02/2015,,,,,2015,2,22
22/02/2015,,,,,2015,2,22
23/02/2015,,,,,2015,2,23
03/03/2015,,,,,2015,3,3
10/03/2015,,6.501,,,2015,3,10
10/03/2015,,6.55,,,2015,3,10
11/03/2015,,,,,2015,3,11
19/03/2015,,5.478,,,2015,3,19
26/03/2015,,,,,2015,3,26
11/04/2015,,,,,2015,4,11
11/04/2015,,,,,2015,4,11
12/04/2015,,,,,2015,4,12
20/04/2015,,8.287,,,2015,4,20
27/04/2015,,12.652,,,2015,4,27
27/04/2015,,,,,2015,4,27
13/05/2015,,,,,2015,5,13
13/05/2015,,,,,2015,5,13
14/05/2015,,,,,2015,5,14
21/05/2015,,,,,2015,5,21
22/05/2015,,,,,2015,5,22
29/05/2015,,,,,2015,5,29
29/05/2015,,,,,2015,5,29
30/05/2015,,,,,2015,5,30
06/06/2015,,,27.159,,2015,6,6
06/06/2015,,,27.082,,2015,6,6
07/06/2015,,,,,2015,6,7
14/06/2015,,19.391,,,2015,6,14
14/06/2015,,19.453,,,2015,6,14
22/06/2015,,,,,2015,6,22
22/06/2015,,,,,2015,6,22
23/06/2015,,,,,2015,6,23
30/06/2015,,,,,2015,6,30
30/06/2015,,,,,2015,6,30
01/07/2015,,,,,2015,7,1
08/07/2015,,,,,2015,7,8
08/07/2015,,,,,2015,7,8
09/07/2015,,,,,2015,7,9
16/07/2015,,,,,2015,7,16
16/07/2015,,,,,2015,7,16
17/07/2015,,,,,2015,7,17
24/07/2015,,,,,2015,7,24
24/07/2015,,,,,2015,7,24
25/07/2015,,,,,2015,7,25
01/08/2015,,18.352,,,2015,8,1
01/08/2015,,18.4,,,2015,8,1
02/08/2015,,,,,2015,8,2
09/08/2015,,,23.95,,2015,8,9
09/08/2015,,,23.973,,2015,8,9
10/08/2015,,,,,2015,8,10
17/08/2015,,,,,2015,8,17
25/08/2015,,,,,2015,8,25
25/08/2015,,,,,2015,8,25
26/08/2015,,,,,2015,8,26
02/09/2015,,,,,2015,9,2
02/09/2015,,,,,2015,9,2
03/09/2015,,,,,2015,9,3
10/09/2015,,,,,2015,9,10
10/09/2015,,,,,2015,9,10
18/09/2015,,,,,2015,9,18
18/09/2015,,,,,2015,9,18
19/09/2015,,,,,2015,9,19
26/09/2015,,,,,2015,9,26
26/09/2015,,,,,2015,9,26
27/09/2015,,,,,2015,9,27
04/10/2015,,,,,2015,10,4
04/10/2015,,,,,2015,10,4
05/10/2015,,,,,2015,10,5
12/10/2015,,,4.591,,2015,10,12
12/10/2015,,,4.569,,2015,10,12
28/10/2015,,,,,2015,10,28
28/10/2015,,,,,2015,10,28
29/10/2015,,,,,2015,10,29
05/11/2015,,,,,2015,11,5
05/11/2015,,,,,2015,11,5
06/11/2015,,,,,2015,11,6
13/11/2015,,,,,2015,11,13
13/11/2015,,,,,2015,11,13
14/11/2015,,,,,2015,11,14
21/11/2015,,,,,2015,11,21
21/11/2015,,,,,2015,11,21
22/11/2015,,,,,2015,11,22
30/11/2015,,,,,2015,11,30
07/12/2015,,,,,2015,12,7
08/12/2015,,,4.23,,2015,12,8
15/12/2015,,,,,2015,12,15
16/12/2015,,,,,2015,12,16
24/12/2015,,,,,2015,12,24
31/12/2015,,,-4.362,,2015,12,31
08/01/2016,,,,,2016,1,8
09/01/2016,,,,,2016,1,9
16/01/2016,,,,,2016,1,16
17/01/2016,,-9.35,,,2016,1,17
02/02/2016,,,,,2016,2,2
09/02/2016,,,,,2016,2,9
09/02/2016,,,,,2016,2,9
17/02/2016,,,,,2016,2,17
18/02/2016,,,,,2016,2,18
25/02/2016,,-2.645,,,2016,2,25
26/02/2016,,,,,2016,2,26
04/03/2016,,,-2.257,,2016,3,4
04/03/2016,,,-2.292,,2016,3,4
05/03/2016,,,,,2016,3,5
13/03/2016,,,,,2016,3,13
28/03/2016,,,,,2016,3,28
28/03/2016,,,,,2016,3,28
29/03/2016,,,,,2016,3,29
05/04/2016,,,,,2016,4,5
05/04/2016,,,,,2016,4,5
06/04/2016,,7.315,,,2016,4,6
13/04/2016,,8.159,,,2016,4,13
13/04/2016,,,,,2016,4,13
22/04/2016,,8.207,,,2016,4,22
29/04/2016,,4.497,,,2016,4,29
29/04/2016,,4.503,,,2016,4,29
30/04/2016,,,9.71,,2016,4,30
07/05/2016,,,17.745,,2016,5,7
07/05/2016,,,17.72,,2016,5,7
08/05/2016,,,,,2016,5,8
15/05/2016,,,,,2016,5,15
16/05/2016,,,,,2016,5,16
23/05/2016,,,22.765,,2016,5,23
23/05/2016,,,22.753,,2016,5,23
24/05/2016,,,,,2016,5,24
01/06/2016,,,,,2016,6,1
08/06/2016,,,17.702,,2016,6,8
08/06/2016,,,17.721,,2016,6,8
16/06/2016,,,,,2016,6,16
16/06/2016,,,,,2016,6,16
24/06/2016,,,28.483,,2016,6,24
24/06/2016,,,28.552,,2016,6,24
25/06/2016,,,,,2016,6,25
02/07/2016,,,,,2016,7,2
02/07/2016,,,,,2016,7,2
03/07/2016,,,,,2016,7,3
10/07/2016,,,17.11,,2016,7,10
10/07/2016,,,17.123,,2016,7,10
11/07/2016,,,,,2016,7,11
18/07/2016,,,,,2016,7,18
18/07/2016,,,,,2016,7,18
19/07/2016,,,,,2016,7,19
26/07/2016,,,22.282,,2016,7,26
26/07/2016,,,22.258,,2016,7,26
27/07/2016,,,,,2016,7,27
04/08/2016,,,,,2016,8,4
11/08/2016,,,,,2016,8,11
11/08/2016,,,,,2016,8,11
19/08/2016,,,,,2016,8,19
19/08/2016,,,,,2016,8,19
20/08/2016,,,,,2016,8,20
27/08/2016,,,24.479,,2016,8,27
27/08/2016,,,24.49,,2016,8,27
28/08/2016,,24.658,,,2016,8,28
04/09/2016,,,,,2016,9,4
04/09/2016,,,,,2016,9,4
05/09/2016,,,,,2016,9,5
12/09/2016,,,23.502,,2016,9,12
12/09/2016,,,23.513,,2016,9,12
13/09/2016,,20.742,,,2016,9,13
20/09/2016,,8.342,,,2016,9,20
20/09/2016,,8.343,,,2016,9,20
21/09/2016,,,,,2016,9,21
28/09/2016,,,,,2016,9,28
28/09/2016,,,,,2016,9,28
29/09/2016,,15.224,,,2016,9,29
07/10/2016,,,5.253,,2016,10,7
14/10/2016,,,,,2016,10,14
15/10/2016,,,,,2016,10,15
22/10/2016,,,,,2016,10,22
22/10/2016,,,,,2016,10,22
23/10/2016,,,,,2016,10,23
30/10/2016,,,,,2016,10,30
31/10/2016,,3.066,,,2016,10,31
07/11/2016,,,,,2016,11,7
08/11/2016,,,,,2016,11,8
16/11/2016,,,,,2016,11,16
23/11/2016,,,,,2016,11,23
23/11/2016,,,,,2016,11,23
02/12/2016,,,,,2016,12,2
10/12/2016,,,,,2016,12,10
17/12/2016,,,-5.304,,2016,12,17
10/01/2017,,,,,2017,1,10
11/01/2017,,,,,2017,1,11
18/01/2017,,,-10.128,,2017,1,18
18/01/2017,,,-10.136,,2017,1,18
19/01/2017,,-11.349,,,2017,1,19
26/01/2017,,,,,2017,1,26
27/01/2017,,,-5.259,,2017,1,27
11/02/2017,,,,,2017,2,11
19/02/2017,,,,,2017,2,19
19/02/2017,,,,,2017,2,19
20/02/2017,,,,,2017,2,20
27/02/2017,,,,,2017,2,27
27/02/2017,,,,,2017,2,27
28/02/2017,,,,,2017,2,28
08/03/2017,,,,,2017,3,8
16/03/2017,,,1.568,,2017,3,16
24/03/2017,,,,,2017,3,24
31/03/2017,,,,,2017,3,31
31/03/2017,,,,,2017,3,31
01/04/2017,,,10.907,,2017,4,1
09/04/2017,,,,,2017,4,9
16/04/2017,,,,,2017,4,16
16/04/2017,,,,,2017,4,16
25/04/2017,,,,,2017,4,25
03/05/2017,,,,,2017,5,3
10/05/2017,,,,,2017,5,10
10/05/2017,,,,,2017,5,10
11/05/2017,,13.805,,,2017,5,11
18/05/2017,,20.002,,,2017,5,18
18/05/2017,,20.001,,,2017,5,18
19/05/2017,,,22.746,,2017,5,19
26/05/2017,,,17.349,,2017,5,26
26/05/2017,,,17.323,,2017,5,26
27/05/2017,,,,,2017,5,27
03/06/2017,,,,,2017,6,3
03/06/2017,,,,,2017,6,3
11/06/2017,,,,,2017,6,11
11/06/2017,,,,,2017,6,11
12/06/2017,,,,,2017,6,12
19/06/2017,,23.349,,,2017,6,19
19/06/2017,,23.352,,,2017,6,19
20/06/2017,,,22.338,,2017,6,20
27/06/2017,,,,,2017,6,27
27/06/2017,,,,,2017,6,27
28/06/2017,,11.1,,,2017,6,28
05/07/2017,,,,,2017,7,5
06/07/2017,,,,,2017,7,6
13/07/2017,,,,,2017,7,13
13/07/2017,,,,,2017,7,13
14/07/2017,,,,,2017,7,14
21/07/2017,,,,,2017,7,21
21/07/2017,,,,,2017,7,21
22/07/2017,,,,,2017,7,22
29/07/2017,,,17.893,,2017,7,29
29/07/2017,,,17.877,,2017,7,29
30/07/2017,,22.547,,,2017,7,30
06/08/2017,,,,,2017,8,6
06/08/2017,,,,,2017,8,6
07/08/2017,,,,,2017,8,7
14/08/2017,,,17.554,,2017,8,14
14/08/2017,,,17.554,,2017,8,14
15/08/2017,,19.839,,,2017,8,15
22/08/2017,,,,,2017,8,22
22/08/2017,,,,,2017,8,22
23/08/2017,,,,,2017,8,23
30/08/2017,,,21.175,,2017,8,30
30/08/2017,,,21.16,,2017,8,30
31/08/2017,,20.87,,,2017,8,31
07/09/2017,,,,,2017,9,7
08/09/2017,,,,,2017,9,8
15/09/2017,,,,,2017,9,15
15/09/2017,,,,,2017,9,15
23/09/2017,,,,,2017,9,23
23/09/2017,,,,,2017,9,23
01/10/2017,,,9.102,,2017,10,1
01/10/2017,,,9.076,,2017,10,1
02/10/2017,,,,,2017,10,2
09/10/2017,,,,,2017,10,9
09/10/2017,,,,,2017,10,9
17/10/2017,,,16.442,,2017,10,17
17/10/2017,,,16.415,,2017,10,17
18/10/2017,,7.875,,,2017,10,18
25/10/2017,,,,,2017,10,25
26/10/2017,,,,,2017,10,26
02/11/2017,,,,,2017,11,2
03/11/2017,,,,,2017,11,3
11/11/2017,,,,,2017,11,11
18/11/2017,,,,,2017,11,18
19/11/2017,,,,,2017,11,19
27/11/2017,,,,,2017,11,27
13/12/2017,,,,,2017,12,13
05/01/2018,,,,,2018,1,5
06/01/2018,,,,,2018,1,6
14/01/2018,,,-5.966,,2018,1,14
21/01/2018,,,,,2018,1,21
21/01/2018,,,,,2018,1,21
29/01/2018,,,,,2018,1,29
30/01/2018,,,,,2018,1,30
06/02/2018,,,-8.963,,2018,2,6
06/02/2018,,,-8.869,,2018,2,6
07/02/2018,,,,,2018,2,7
14/02/2018,,,,,2018,2,14
14/02/2018,,,,,2018,2,14
15/02/2018,,,,,2018,2,15
22/02/2018,,,-7.168,,2018,2,22
22/02/2018,,,-6.64,,2018,2,22
23/02/2018,,-7.398,,,2018,2,23
02/03/2018,,-6.607,,,2018,3,2
02/03/2018,,-6.624,,,2018,3,2
03/03/2018,,,,,2018,3,3
10/03/2018,,,,,2018,3,10
11/03/2018,,3.193,,,2018,3,11
18/03/2018,,,,,2018,3,18
18/03/2018,,,,,2018,3,18
19/03/2018,,,-9.727,,2018,3,19
27/03/2018,,,,,2018,3,27
03/04/2018,,2.749,,,2018,4,3
03/04/2018,,2.758,,,2018,4,3
04/04/2018,,,,,2018,4,4
12/04/2018,,4.135,,,2018,4,12
19/04/2018,,,,,2018,4,19
19/04/2018,,,,,2018,4,19
20/04/2018,,,17.361,,2018,4,20
28/04/2018,,16.213,,,2018,4,28
05/05/2018,,,,,2018,5,5
05/05/2018,,,,,2018,5,5
06/05/2018,,,16.466,,2018,5,6
14/05/2018,,18.214,,,2018,5,14
21/05/2018,,,,,2018,5,21
21/05/2018,,,,,2018,5,21
22/05/2018,,,,,2018,5,22
30/05/2018,,,,,2018,5,30
06/06/2018,,,,,2018,6,6
06/06/2018,,,,,2018,6,6
07/06/2018,,,22.188,,2018,6,7
14/06/2018,,,,,2018,6,14
15/06/2018,,17.891,,,2018,6,15
22/06/2018,,,,,2018,6,22
23/06/2018,,,,,2018,6,23
30/06/2018,,,,,2018,6,30
30/06/2018,,,,,2018,6,30
01/07/2018,,,,,2018,7,1
08/07/2018,,,,,2018,7,8
08/07/2018,,,,,2018,7,8
09/07/2018,,,,,2018,7,9
16/07/2018,,,20.467,,2018,7,16
16/07/2018,,,,,2018,7,16
24/07/2018,,21.869,,,2018,7,24
24/07/2018,,22.392,,,2018,7,24
25/07/2018,,,22.96,,2018,7,25
01/08/2018,,,27.955,,2018,8,1
01/08/2018,,,27.974,,2018,8,1
02/08/2018,,21.345,,,2018,8,2
10/08/2018,,,,,2018,8,10
17/08/2018,,,,,2018,8,17
17/08/2018,,,,,2018,8,17
18/08/2018,,20.005,,,2018,8,18
25/08/2018,,,,,2018,8,25
25/08/2018,,,,,2018,8,25
26/08/2018,,,,,2018,8,26
02/09/2018,,,,,2018,9,2
02/09/2018,,,,,2018,9,2
03/09/2018,,,,,2018,9,3
10/09/2018,,,,,2018,9,10
10/09/2018,,,,,2018,9,10
11/09/2018,,,,,2018,9,11
18/09/2018,,,18.541,,2018,9,18
18/09/2018,,,18.506,,2018,9,18
19/09/2018,,,,,2018,9,19
26/09/2018,,5.044,,,2018,9,26
26/09/2018,,5.092,,,2018,9,26
27/09/2018,,,,,2018,9,27
04/10/2018,,,,,2018,10,4
04/10/2018,,,,,2018,10,4
05/10/2018,,12.196,,,2018,10,5
12/10/2018,,15.974,,,2018,10,12
12/10/2018,,15.918,,,2018,10,12
13/10/2018,,,16.7,,2018,10,13
20/10/2018,,,,,2018,10,20
20/10/2018,,,,,2018,10,20
21/10/2018,,5.633,,,2018,10,21
28/10/2018,,,,,2018,10,28
05/11/2018,,,5.638,,2018,11,5
05/11/2018,,,5.842,,2018,11,5
06/11/2018,,10.519,,,2018,11,6
13/11/2018,,,,,2018,11,13
14/11/2018,,,,,2018,11,14
29/11/2018,,,,,2018,11,29
29/11/2018,,,,,2018,11,29
30/11/2018,,,,,2018,11,30
08/12/2018,,,,,2018,12,8
23/12/2018,,,,,2018,12,23
17/01/2019,,,,,2019,1,17
09/02/2019,,,,,2019,2,9
09/02/2019,,,,,2019,2,9
17/02/2019,,,,,2019,2,17
17/02/2019,,,,,2019,2,17
18/02/2019,,,4.385,,2019,2,18
25/02/2019,,,1.58,,2019,2,25
25/02/2019,,,1.593,,2019,2,25
26/02/2019,,,,,2019,2,26
06/03/2019,,,,,2019,3,6
13/03/2019,,,,,2019,3,13
13/03/2019,,,,,2019,3,13
14/03/2019,,,,,2019,3,14
22/03/2019,,,7.46,,2019,3,22
29/03/2019,,,,,2019,3,29
30/03/2019,,2.5,,,2019,3,30
07/04/2019,,,,,2019,4,7
15/04/2019,,6.363,,,2019,4,15
23/04/2019,,,,,2019,4,23
30/04/2019,,,6.281,,2019,4,30
30/04/2019,,,6.342,,2019,4,30
01/05/2019,,,,,2019,5,1
25/05/2019,,,16.306,,2019,5,25
01/06/2019,,,,,2019,6,1
01/06/2019,,,,,2019,6,1
02/06/2019,,,,,2019,6,2
10/06/2019,,,,,2019,6,10
17/06/2019,,,20.271,,2019,6,17
17/06/2019,,,20.239,,2019,6,17
18/06/2019,,20.598,,,2019,6,18
26/06/2019,,,31.682,,2019,6,26
03/07/2019,,,16.375,,2019,7,3
03/07/2019,,,16.381,,2019,7,3
04/07/2019,,16.918,,,2019,7,4
19/07/2019,,,,,2019,7,19
20/07/2019,,,,,2019,7,20
28/07/2019,,,,,2019,7,28
04/08/2019,,,17.895,,2019,8,4
04/08/2019,,,17.909,,2019,8,4
05/08/2019,,,,,2019,8,5
13/08/2019,,,16.313,,2019,8,13
20/08/2019,,,,,2019,8,20
20/08/2019,,,,,2019,8,20
21/08/2019,,,,,2019,8,21
29/08/2019,,,,,2019,8,29
05/09/2019,,,,,2019,9,5
05/09/2019,,,,,2019,9,5
06/09/2019,,,,,2019,9,6
14/09/2019,,,12.96,,2019,9,14
21/09/2019,,,11.991,,2019,9,21
21/09/2019,,,12.002,,2019,9,21
22/09/2019,,14.065,,,2019,9,22
30/09/2019,,,,,2019,9,30
07/10/2019,,,4.528,,2019,10,7
07/10/2019,,,4.528,,2019,10,7
16/10/2019,,,,,2019,10,16
23/10/2019,,,,,2019,10,23
23/10/2019,,,,,2019,10,23
24/10/2019,,,,,2019,10,24
01/11/2019,,,1.8,,2019,11,1
08/11/2019,,,,,2019,11,8
08/11/2019,,,,,2019,11,8
17/11/2019,,,,,2019,11,17
24/11/2019,,,,,2019,11,24
24/11/2019,,,,,2019,11,24
03/12/2019,,,,,2019,12,3
10/12/2019,,,,,2019,12,10
10/12/2019,,,,,2019,12,10
19/12/2019,,,,,2019,12,19
04/01/2020,,,,,2020,1,4
12/01/2020,,,,,2020,1,12
20/01/2020,,,,,2020,1,20
27/01/2020,,,,,2020,1,27
27/01/2020,,,,,2020,1,27
28/01/2020,,,,,2020,1,28
05/02/2020,,,,,2020,2,5
12/02/2020,,,,,2020,2,12
12/02/2020,,,,,2020,2,12
13/02/2020,,,,,2020,2,13
21/02/2020,,,,,2020,2,21
28/02/2020,,,,,2020,2,28
08/03/2020,,,,,2020,3,8
16/03/2020,,-0.336,,,2020,3,16
24/03/2020,,,-1.955,,2020,3,24
01/04/2020,,-0.825,,,2020,4,1
09/04/2020,,,,,2020,4,9
17/04/2020,,8.225,,,2020,4,17
25/04/2020,,,,,2020,4,25
11/05/2020,,,,,2020,5,11
18/05/2020,,,12.876,,2020,5,18
18/05/2020,,,12.878,,2020,5,18
19/05/2020,,15.958,,,2020,5,19
27/05/2020,,,,,2020,5,27
03/06/2020,,,17.333,,2020,6,3
03/06/2020,,,17.373,,2020,6,3
04/06/2020,,,,,2020,6,4
12/06/2020,,,,,2020,6,12
19/06/2020,,,,,2020,6,19
28/06/2020,,,,,2020,6,28
05/07/2020,,,,,2020,7,5
05/07/2020,,,18.04,,2020,7,5
06/07/2020,,,,,2020,7,6
14/07/2020,,,19.142,,2020,7,14
21/07/2020,,,,,2020,7,21
21/07/2020,,,,,2020,7,21
22/07/2020,,,,,2020,7,22
30/07/2020,,,19.49,,2020,7,30
06/08/2020,,,19.833,,2020,8,6
06/08/2020,,,19.824,,2020,8,6
07/08/2020,,24.004,,,2020,8,7
15/08/2020,,,,,2020,8,15
22/08/2020,,,,,2020,8,22
23/08/2020,,,,,2020,8,23
07/09/2020,,,,,2020,9,7
07/09/2020,,,,,2020,9,7
08/09/2020,,13.631,,,2020,9,8
16/09/2020,,,22.057,,2020,9,16
23/09/2020,,,,,2020,9,23
23/09/2020,,,,,2020,9,23
24/09/2020,,15.152,,,2020,9,24
02/10/2020,,,11.563,,2020,10,2
09/10/2020,,,,,2020,10,9
10/10/2020,,,,,2020,10,10
25/10/2020,,,,,2020,10,25
25/10/2020,,,,,2020,10,25
26/10/2020,,,,,2020,10,26
10/11/2020,,,,,2020,11,10
10/11/2020,,,7.324,,2020,11,10
19/11/2020,,,,,2020,11,19
26/11/2020,,,,,2020,11,26
26/11/2020,,,,,2020,11,26
27/11/2020,,,,,2020,11,27
05/12/2020,,,,,2020,12,5
12/12/2020,,,,,2020,12,12
28/12/2020,,,,,2020,12,28
22/01/2021,,,-1.403,,2021,1,22
29/01/2021,,,,,2021,1,29
14/02/2021,,,-7.993,,2021,2,14
14/02/2021,,,-7.99,,2021,2,14
15/02/2021,,-14.97,,,2021,2,15
23/02/2021,,,,,2021,2,23
02/03/2021,,,7.509,,2021,3,2
02/03/2021,,,7.556,,2021,3,2
03/03/2021,,5.447,,,2021,3,3
18/03/2021,,,-3.42,,2021,3,18
18/03/2021,,,-3.415,,2021,3,18
04/04/2021,,,,,2021,4,4
20/04/2021,,,,,2021,4,20
28/04/2021,,,,,2021,4,28
06/05/2021,,,,,2021,5,6
21/05/2021,,,,,2021,5,21
22/05/2021,,,,,2021,5,22
30/05/2021,,,,,2021,5,30
06/06/2021,,,21.723,,2021,6,6
06/06/2021,,,21.6,,2021,6,6
07/06/2021,,,,,2021,6,7
15/06/2021,,,,,2021,6,15
01/07/2021,,,,,2021,7,1
08/07/2021,,,,,2021,7,8
08/07/2021,,,,,2021,7,8
09/07/2021,,,,,2021,7,9
17/07/2021,,,,,2021,7,17
24/07/2021,,,21.862,,2021,7,24
24/07/2021,,,21.89,,2021,7,24
25/07/2021,,,,,2021,7,25
02/08/2021,,,,,2021,8,2
09/08/2021,,,,,2021,8,9
09/08/2021,,,,,2021,8,9
10/08/2021,,,,,2021,8,10
25/08/2021,,,,,2021,8,25
25/08/2021,,,,,2021,8,25
26/08/2021,,,,,2021,8,26
03/09/2021,,,,,2021,9,3
10/09/2021,,,19.209,,2021,9,10
10/09/2021,,,19.234,,2021,9,10
11/09/2021,,16.517,,,2021,9,11
26/09/2021,,,13.628,,2021,9,26
26/09/2021,,,13.569,,2021,9,26
27/09/2021,,,,,2021,9,27
05/10/2021,,,,,2021,10,5
12/10/2021,,,,,2021,10,12
12/10/2021,,,,,2021,10,12
21/10/2021,,,4.604,,2021,10,21
29/10/2021,,6.403,,,2021,10,29
06/11/2021,,,,,2021,11,6
13/11/2021,,,,,2021,11,13
07/12/2021,,,,,2021,12,7
07/12/2021,,,,,2021,12,7
08/01/2022,,,,,2022,1,8
08/01/2022,,,,,2022,1,8
09/01/2022,,,,,2022,1,9
16/01/2022,,,,,2022,1,16
16/01/2022,,,,,2022,1,16
10/02/2022,,,,,2022,2,10
17/02/2022,,,,,2022,2,17
17/02/2022,,,0.201,,2022,2,17
18/02/2022,,,,,2022,2,18
18/02/2022,,,,,2022,2,18
25/02/2022,,,,,2022,2,25
25/02/2022,,,,,2022,2,25
06/03/2022,,,,,2022,3,6
06/03/2022,,,,,2022,3,6
14/03/2022,,,1.479,,2022,3,14
22/03/2022,,,,5.569,2022,3,22
22/03/2022,,5.394,,,2022,3,22
29/03/2022,,,,,2022,3,29
29/03/2022,,,,,2022,3,29
07/04/2022,,,,,2022,4,7
15/04/2022,,,,,2022,4,15
22/04/2022,,,7.093,,2022,4,22
22/04/2022,,,7.201,,2022,4,22
23/04/2022,,,,7.618,2022,4,23
01/05/2022,,,,,2022,5,1
08/05/2022,,,,,2022,5,8
08/05/2022,,,,,2022,5,8
09/05/2022,,,,15.061,2022,5,9
15/05/2022,,,,,2022,5,15
20/05/2022,,,,,2022,5,20
24/05/2022,,,,,2022,5,24
01/06/2022,,13.488,,,2022,6,1
01/06/2022,,,,,2022,6,1
01/06/2022,,,,,2022,6,1
02/06/2022,,,15.637,,2022,6,2
06/06/2022,,,,,2022,6,6
09/06/2022,,,,,2022,6,9
10/06/2022,,,,,2022,6,10
17/06/2022,,,,,2022,6,17
17/06/2022,,,,,2022,6,17
18/06/2022,,21.013,,,2022,6,18
18/06/2022,,,24.973,,2022,6,18
25/06/2022,,,,,2022,6,25
26/06/2022,,,,19.377,2022,6,26
03/07/2022,,,,21.144,2022,7,3
03/07/2022,,,,21.165,2022,7,3
04/07/2022,,,13.851,,2022,7,4
11/07/2022,,,,,2022,7,11
11/07/2022,,,,,2022,7,11
12/07/2022,,,,,2022,7,12
19/07/2022,,,,25.719,2022,7,19
19/07/2022,,,,25.708,2022,7,19
20/07/2022,,,28.74,,2022,7,20
22/07/2022,,,,,2022,7,22
27/07/2022,,,,,2022,7,27
27/07/2022,,,,,2022,7,27
27/07/2022,,,,,2022,7,27
27/07/2022,,,,,2022,7,27
28/07/2022,,,,,2022,7,28
04/08/2022,,,,22.19,2022,8,4
04/08/2022,,,,22.238,2022,8,4
05/08/2022,,,,,2022,8,5
08/08/2022,,,,,2022,8,8
13/08/2022,,,,,2022,8,13
13/08/2022,,,,,2022,8,13
25/08/2022,,,,,2022,8,25
28/08/2022,,,,,2022,8,28
29/08/2022,,,,15.781,2022,8,29
30/08/2022,,13.568,,,2022,8,30
30/08/2022,,13.619,,,2022,8,30
05/09/2022,,,,,2022,9,5
05/09/2022,,,,,2022,9,5
06/09/2022,,,,,2022,9,6
13/09/2022,,,,,2022,9,13
13/09/2022,,,,,2022,9,13
16/09/2022,,,,,2022,9,16
21/09/2022,,,,,2022,9,21
21/09/2022,,,,,2022,9,21
22/09/2022,,,,,2022,9,22
29/09/2022,,,,,2022,9,29
29/09/2022,,,,,2022,9,29
30/09/2022,,,,9.094,2022,9,30
03/10/2022,,,,,2022,10,3
07/10/2022,,,,,2022,10,7
07/10/2022,,,,,2022,10,7
08/10/2022,,,,,2022,10,8
16/10/2022,,,,,2022,10,16
20/10/2022,,4.343,,,2022,10,20
20/10/2022,,4.192,,,2022,10,20
23/10/2022,,,,9.489,2022,10,23
23/10/2022,,,,9.499,2022,10,23
24/10/2022,,,,,2022,10,24
01/11/2022,,,,,2022,11,1
06/11/2022,,,,,2022,11,6
08/11/2022,,,,8.868,2022,11,8
08/11/2022,,,,8.904,2022,11,8
09/11/2022,,,,,2022,11,9
24/11/2022,,,,-1.193,2022,11,24
25/11/2022,,,,,2022,11,25
18/12/2022,,,-13.655,,2022,12,18
27/12/2022,,,,,2022,12,27
03/01/2023,,,,,2023,1,3
04/01/2023,,,,,2023,1,4
12/01/2023,,,,,2023,1,12
19/01/2023,,,-7.612,,2023,1,19
19/01/2023,,,-7.612,,2023,1,19
20/01/2023,,,,,2023,1,20
05/02/2023,,,,-10.416,2023,2,5
21/02/2023,,,,,2023,2,21
01/03/2023,,,-2.005,,2023,3,1
10/03/2023,,,,,2023,3,10
15/03/2023,,,,,2023,3,15
15/03/2023,,,,,2023,3,15
17/03/2023,,,,,2023,3,17
25/03/2023,,,,,2023,3,25
06/04/2023,,-0.511,,,2023,4,6
06/04/2023,,-0.518,,,2023,4,6
09/04/2023,,,,,2023,4,9
09/04/2023,,,,,2023,4,9
10/04/2023,,,,,2023,4,10
23/04/2023,,,,,2023,4,23
26/04/2023,,,,,2023,4,26
04/05/2023,,,12.355,,2023,5,4
10/05/2023,,10.738,,,2023,5,10
12/05/2023,,,,,2023,5,12
20/05/2023,,,,,2023,5,20
27/05/2023,,,16.277,,2023,5,27
27/05/2023,,,16.371,,2023,5,27
28/05/2023,,,,17.889,2023,5,28
01/06/2023,,,,,2023,6,1
05/06/2023,,,,,2023,6,5
12/06/2023,,,,,2023,6,12
12/06/2023,,,,,2023,6,12
13/06/2023,,,,,2023,6,13
20/06/2023,,,,,2023,6,20
20/06/2023,,,,,2023,6,20
21/06/2023,,,26.978,,2023,6,21
23/06/2023,,,,,2023,6,23
28/06/2023,,,,,2023,6,28
28/06/2023,,,,,2023,6,28
28/06/2023,,,,,2023,6,28
29/06/2023,,,,,2023,6,29
03/07/2023,,,,,2023,7,3
03/07/2023,,14.116,,,2023,7,3
06/07/2023,,,,,2023,7,6
06/07/2023,,,,,2023,7,6
07/07/2023,,,,,2023,7,7
14/07/2023,,,,,2023,7,14
14/07/2023,,,,,2023,7,14
15/07/2023,,20.686,,,2023,7,15
15/07/2023,,,,25.054,2023,7,15
20/07/2023,,,,,2023,7,20
22/07/2023,,,,,2023,7,22
22/07/2023,,,,,2023,7,22
23/07/2023,,,6.907,,2023,7,23
30/07/2023,,,,,2023,7,30
30/07/2023,,,,,2023,7,30
31/07/2023,,,,,2023,7,31
07/08/2023,,,,,2023,8,7
08/08/2023,,,,,2023,8,8
11/08/2023,,,,,2023,8,11
15/08/2023,,,25.668,,2023,8,15
15/08/2023,,,25.665,,2023,8,15
16/08/2023,,21.059,,,2023,8,16
16/08/2023,,,,,2023,8,16
21/08/2023,,,,,2023,8,21
21/08/2023,,,,,2023,8,21
23/08/2023,,,,21.582,2023,8,23
23/08/2023,,,,21.599,2023,8,23
24/08/2023,,,21.536,,2023,8,24
31/08/2023,,,,,2023,8,31
31/08/2023,,,,,2023,8,31
01/09/2023,,,,,2023,9,1
02/09/2023,,,,,2023,9,2
07/09/2023,,15.582,,,2023,9,7
08/09/2023,,,,21.687,2023,9,8
08/09/2023,,,,21.676,2023,9,8
09/09/2023,,,19.209,,2023,9,9
12/09/2023,,1.756,,,2023,9,12
16/09/2023,,,18.351,,2023,9,16
16/09/2023,,,18.351,,2023,9,16
17/09/2023,,,,18.994,2023,9,17
24/09/2023,,,,,2023,9,24
24/09/2023,,,,,2023,9,24
25/09/2023,,,,,2023,9,25
29/09/2023,,,,,2023,9,29
02/10/2023,,,16.158,,2023,10,2
02/10/2023,,,16.161,,2023,10,2
03/10/2023,,,,,2023,10,3
04/10/2023,,,,,2023,10,4
10/10/2023,,,,,2023,10,10
11/10/2023,,,,,2023,10,11
18/10/2023,,,4.02,,2023,10,18
18/10/2023,,,4.081,,2023,10,18
19/10/2023,,,,,2023,10,19
26/10/2023,,,,,2023,10,26
04/11/2023,,,,,2023,11,4
11/11/2023,,,,,2023,11,11
12/11/2023,,,,,2023,11,12
19/11/2023,,,,,2023,11,19
19/11/2023,,,,,2023,11,19
27/11/2023,,,,,2023,11,27
13/12/2023,,,,,2023,12,13
29/12/2023,,,,,2023,12,29
30/12/2023,,,,,2023,12,30
23/01/2024,,,,,2024,1,23
16/02/2024,,,,,2024,2,16
24/02/2024,,,,,2024,2,24
11/03/2024,,,,,2024,3,11
19/03/2024,,,2.117,,2024,3,19
26/03/2024,,,,,2024,3,26
27/03/2024,,,,,2024,3,27
04/04/2024,,,,,2024,4,4
12/04/2024,,,,13.623,2024,4,12
28/04/2024,,,,-3.419,2024,4,28
14/05/2024,,,,19.761,2024,5,14
30/05/2024,,,,,2024,5,30
07/06/2024,,,,,2024,6,7
15/06/2024,,,,,2024,6,15
22/06/2024,,,,,2024,6,22
22/06/2024,,,,,2024,6,22
23/06/2024,,,,,2024,6,23
30/06/2024,,,,,2024,6,30
30/06/2024,,,,,2024,6,30
01/07/2024,,,,,2024,7,1
08/07/2024,,,,20.375,2024,7,8
08/07/2024,,,,20.39,2024,7,8
09/07/2024,,,,,2024,7,9
17/07/2024,,,,,2024,7,17
24/07/2024,,,,,2024,7,24
24/07/2024,,,,,2024,7,24
25/07/2024,,,,,2024,7,25
01/08/2024,,,,,2024,8,1
01/08/2024,,,,,2024,8,1
09/08/2024,,,,,2024,8,9
09/08/2024,,,,,2024,8,9
10/08/2024,,,,,2024,8,10
17/08/2024,,,,,2024,8,17
17/08/2024,,,,,2024,8,17
18/08/2024,,,,,2024,8,18
26/08/2024,,,,,2024,8,26
02/09/2024,,,21.708,,2024,9,2
02/09/2024,,,21.711,,2024,9,2
03/09/2024,,,,,2024,9,3
10/09/2024,,,,,2024,9,10
10/09/2024,,,,,2024,9,10
11/09/2024,,,,,2024,9,11
18/09/2024,,,17.742,,2024,9,18
18/09/2024,,,17.798,,2024,9,18
19/09/2024,,,,,2024,9,19
27/09/2024,,,,,2024,9,27
12/10/2024,,,,5.798,2024,10,12
12/10/2024,,,,5.851,2024,10,12
13/10/2024,,,,,2024,10,13
20/10/2024,,,,,2024,10,20
20/10/2024,,,,,2024,10,20
21/10/2024,,,,,2024,10,21
29/10/2024,,,,,2024,10,29
05/11/2024,,,6.152,,2024,11,5
05/11/2024,,,6.153,,2024,11,5
06/11/2024,,,,,2024,11,6
30/11/2024,,,-2.002,,2024,11,30
07/12/2024,,,,,2024,12,7
07/12/2024,,,,,2024,12,7
15/12/2024,,,,,2024,12,15
23/12/2024,,,,,2024,12,23
31/12/2024,,,,-1.197,2024,12,31
01/01/2025,,,,,2025,1,1
09/01/2025,,,,,2025,1,9
24/01/2025,,,,,2025,1,24
24/01/2025,,,,,2025,1,24
01/02/2025,,,,,2025,2,1
10/02/2025,,,,,2025,2,10
18/02/2025,,,-10.389,,2025,2,18
26/02/2025,,,,,2025,2,26
06/03/2025,,,8.096,,2025,3,6
21/03/2025,,,,8.022,2025,3,21
21/03/2025,,,,8.107,2025,3,21
22/03/2025,,,,,2025,3,22
30/03/2025,,,,,2025,3,30
23/04/2025,,,,,2025,4,23
01/05/2025,,,,,2025,5,1
09/05/2025,,,,,2025,5,9
16/05/2025,,,9.042,,2025,5,16
16/05/2025,,,8.982,,2025,5,16
17/05/2025,,,,,2025,5,17
25/05/2025,,,,,2025,5,25
01/06/2025,,,,,2025,6,1
01/06/2025,,,,,2025,6,1
09/06/2025,,,,,2025,6,9
09/06/2025,,,,,2025,6,9
10/06/2025,,,,,2025,6,10
17/06/2025,,,,,2025,6,17
17/06/2025,,,9.723,,2025,6,17
18/06/2025,,,,,2025,6,18
25/06/2025,,,,,2025,6,25
25/06/2025,,,,,2025,6,25
26/06/2025,,,,,2025,6,26
03/07/2025,,,22.035,,2025,7,3
03/07/2025,,,22.061,,2025,7,3
04/07/2025,,,,17.831,2025,7,4
11/07/2025,,,,,2025,7,11
11/07/2025,,,,,2025,7,11
19/07/2025,,,,,2025,7,19
19/07/2025,,,,,2025,7,19
20/07/2025,,,,19.65,2025,7,20
27/07/2025,,,,,2025,7,27
27/07/2025,,,,,2025,7,27
28/07/2025,,,,,2025,7,28
04/08/2025,,,,,2025,8,4
05/08/2025,,,,,2025,8,5
12/08/2025,,,,22.461,2025,8,12
12/08/2025,,,,22.484,2025,8,12
13/08/2025,,,24.508,,2025,8,13
20/08/2025,,,19.514,,2025,8,20
20/08/2025,,,19.467,,2025,8,20
21/08/2025,,,,,2025,8,21
28/08/2025,,,,,2025,8,28
28/08/2025,,,,,2025,8,28
29/08/2025,,,,,2025,8,29
06/09/2025,,,,,2025,9,6
13/09/2025,,,,,2025,9,13
13/09/2025,,,,,2025,9,13
21/09/2025,,,21.349,,2025,9,21
21/09/2025,,,21.362,,2025,9,21
29/09/2025,,,,,2025,9,29
29/09/2025,,,,,2025,9,29
30/09/2025,,,,,2025,9,30
23/10/2025,,,,,2025,10,23
23/10/2025,,,,,2025,10,23
31/10/2025,,,,,2025,10,31
31/10/2025,,,,,2025,10,31
01/11/2025,,,,,2025,11,1
08/11/2025,,,7.878,,2025,11,8
08/11/2025,,,7.87,,2025,11,8
16/11/2025,,,,,2025,11,16
16/11/2025,,,,,2025,11,16
24/11/2025,,,,,2025,11,24
24/11/2025,,,,,2025,11,24
02/12/2025,,,,,2025,12,2
02/12/2025,,,,,2025,12,2
03/12/2025,,,,,2025,12,3
11/12/2025,,,,,2025,12,11
18/12/2025,,,,3.023,2025,12,18
19/12/2025,,,,,2025,12,19
27/12/2025,,,,0.635,2025,12,27
