system_time_start,LST_L5,LST_L7,LST_L8,LST_L9,year,month,day
1984-04-13,-1.655999999999949,,,,1984,4,13
1984-04-29,-0.6419999999999959,,,,1984,4,29
1984-08-19,-0.5749999999999886,,,,1984,8,19
1984-09-04,,,,,1984,9,4
1984-09-20,11.766999999999996,,,,1984,9,20
1984-09-29,13.28000000000003,,,,1984,9,29
1984-10-22,1.538000000000011,,,,1984,10,22
1984-11-07,11.109000000000037,,,,1984,11,7
1984-12-09,,,,,1984,12,9
1985-02-11,-18.680999999999983,,,,1985,2,11
1985-03-15,,,,,1985,3,15
1985-03-31,,,,,1985,3,31
1985-04-16,,,,,1985,4,16
1985-06-03,,,,,1985,6,3
1985-06-12,,,,,1985,6,12
1985-06-19,,,,,1985,6,19
1985-07-05,20.950000000000045,,,,1985,7,5
1985-08-22,15.562000000000012,,,,1985,8,22
1985-09-07,,,,,1985,9,7
1985-09-23,,,,,1985,9,23
1985-10-09,,,,,1985,10,9
1985-10-18,6.979000000000042,,,,1985,10,18
1985-10-25,7.374000000000024,,,,1985,10,25
1985-11-26,,,,,1985,11,26
1986-01-29,,,,,1986,1,29
1986-02-07,,,,,1986,2,7
1986-02-14,-10.198999999999955,,,,1986,2,14
1986-03-02,,,,,1986,3,2
1986-03-18,1.5260000000000105,,,,1986,3,18
1986-04-03,,,,,1986,4,3
1986-04-19,,,,,1986,4,19
1986-04-28,,,,,1986,4,28
1986-05-05,10.875,,,,1986,5,5
1986-05-14,,,,,1986,5,14
1986-05-21,23.92700000000002,,,,1986,5,21
1986-06-15,24.084000000000003,,,,1986,6,15
1986-06-22,,,,,1986,6,22
1986-07-01,,,,,1986,7,1
1986-07-17,23.864000000000033,,,,1986,7,17
1986-08-02,20.04400000000004,,,,1986,8,2
1986-08-09,21.50400000000002,,,,1986,8,9
1986-08-18,19.385000000000048,,,,1986,8,18
1986-08-25,,,,,1986,8,25
1986-09-03,14.597000000000037,,,,1986,9,3
1986-09-19,7.758000000000038,,,,1986,9,19
1986-09-26,7.7690000000000055,,,,1986,9,26
1986-10-12,,,,,1986,10,12
1986-10-21,,,,,1986,10,21
1986-10-28,1.600999999999999,,,,1986,10,28
1986-11-13,5.236000000000047,,,,1986,11,13
1986-11-29,0.20199999999999818,,,,1986,11,29
1986-12-15,,,,,1986,12,15
1987-01-16,-10.712999999999965,,,,1987,1,16
1987-02-01,-11.611999999999966,,,,1987,2,1
1987-03-05,-16.15599999999995,,,,1987,3,5
1987-03-21,-5.649000000000001,,,,1987,3,21
1987-04-06,,,,,1987,4,6
1987-05-08,,,,,1987,5,8
1987-05-24,,,,,1987,5,24
1987-07-11,21.78200000000004,,,,1987,7,11
1987-07-27,,,,,1987,7,27
1987-08-12,,,,,1987,8,12
1987-09-13,18.29600000000005,,,,1987,9,13
1987-09-29,,,,,1987,9,29
1987-10-15,,,,,1987,10,15
1987-10-31,5.576000000000022,,,,1987,10,31
1987-12-02,,,,,1987,12,2
1988-01-03,,,,,1988,1,3
1988-01-19,-4.644999999999982,,,,1988,1,19
1988-02-20,,,,,1988,2,20
1988-04-24,-0.5409999999999968,,,,1988,4,24
1988-05-10,,,,,1988,5,10
1988-05-19,,,,,1988,5,19
1988-05-26,19.338000000000022,,,,1988,5,26
1988-06-27,,,,,1988,6,27
1988-07-13,19.492999999999995,,,,1988,7,13
1988-07-22,,,,,1988,7,22
1988-07-29,21.03000000000003,,,,1988,7,29
1988-08-07,,,,,1988,8,7
1988-08-14,25.00600000000003,,,,1988,8,14
1988-08-30,,,,,1988,8,30
1988-09-08,13.266999999999996,,,,1988,9,8
1988-09-15,,,,,1988,9,15
1988-10-17,15.087000000000046,,,,1988,10,17
1988-11-11,3.1990000000000123,,,,1988,11,11
1988-12-20,,,,,1988,12,20
1989-01-14,-9.213999999999999,,,,1989,1,14
1989-01-21,-3.0049999999999955,,,,1989,1,21
1989-01-30,-7.646999999999991,,,,1989,1,30
1989-03-10,,,,,1989,3,10
1989-04-04,,,,,1989,4,4
1989-04-11,5.930000000000007,,,,1989,4,11
1989-04-20,,,,,1989,4,20
1989-05-29,,,,,1989,5,29
1989-06-07,,,,,1989,6,7
1989-06-14,11.455000000000041,,,,1989,6,14
1989-07-16,15.935000000000002,,,,1989,7,16
1989-08-10,17.573000000000036,,,,1989,8,10
1989-08-17,,,,,1989,8,17
1989-09-02,,,,,1989,9,2
1989-09-11,14.435000000000002,,,,1989,9,11
1989-09-18,19.382000000000005,,,,1989,9,18
1989-10-04,5.261000000000024,,,,1989,10,4
1989-10-13,,,,,1989,10,13
1989-10-20,9.737000000000023,,,,1989,10,20
1989-11-05,,,,,1989,11,5
1989-11-14,0.8260000000000218,,,,1989,11,14
1990-01-24,,,,,1990,1,24
1990-02-02,0.6659999999999968,,,,1990,2,2
1990-02-09,,,,,1990,2,9
1990-02-25,2.1480000000000246,,,,1990,2,25
1990-03-06,-9.858000000000004,,,,1990,3,6
1990-03-13,2.3210000000000264,,,,1990,3,13
1990-03-22,3.5470000000000255,,,,1990,3,22
1990-04-14,5.333000000000027,,,,1990,4,14
1990-04-30,,,,,1990,4,30
1990-05-09,,,,,1990,5,9
1990-05-16,18.688000000000045,,,,1990,5,16
1990-06-01,,,,,1990,6,1
1990-06-17,,,,,1990,6,17
1990-07-03,,,,,1990,7,3
1990-08-04,24.980999999999995,,,,1990,8,4
1990-08-13,15.907000000000039,,,,1990,8,13
1990-08-20,,,,,1990,8,20
1990-08-29,23.104000000000042,,,,1990,8,29
1990-09-05,,,,,1990,9,5
1990-09-14,,,,,1990,9,14
1990-09-21,,,,,1990,9,21
1990-09-30,12.91900000000004,,,,1990,9,30
1990-10-07,12.574000000000012,,,,1990,10,7
1990-10-16,17.55200000000002,,,,1990,10,16
1990-10-23,8.865000000000009,,,,1990,10,23
1990-11-24,-4.995999999999981,,,,1990,11,24
1991-03-16,3.649000000000001,,,,1991,3,16
1991-04-01,,,,,1991,4,1
1991-05-19,12.800000000000011,,,,1991,5,19
1991-06-20,15.052999999999997,,,,1991,6,20
1991-07-06,22.91900000000004,,,,1991,7,6
1991-07-15,,,,,1991,7,15
1991-07-22,,,,,1991,7,22
1991-07-31,,,,,1991,7,31
1991-08-07,25.229000000000042,,,,1991,8,7
1991-08-23,16.114000000000033,,,,1991,8,23
1991-09-01,18.539000000000044,,,,1991,9,1
1991-09-24,,,,,1991,9,24
1991-10-03,9.961000000000013,,,,1991,10,3
1991-10-10,10.980000000000018,,,,1991,10,10
1991-10-26,-4.001999999999953,,,,1991,10,26
1991-11-11,,,,,1991,11,11
1992-01-23,,,,,1992,1,23
1992-02-08,,,,,1992,2,8
1992-02-15,,,,,1992,2,15
1992-03-02,-0.7999999999999545,,,,1992,3,2
1992-03-11,,,,,1992,3,11
1992-03-18,,,,,1992,3,18
1992-04-03,,,,,1992,4,3
1992-04-12,2.1340000000000146,,,,1992,4,12
1992-04-28,,,,,1992,4,28
1992-05-05,4.378000000000043,,,,1992,5,5
1992-05-14,19.015000000000043,,,,1992,5,14
1992-05-21,,,,,1992,5,21
1992-05-30,,,,,1992,5,30
1992-06-15,,,,,1992,6,15
1992-06-22,,,,,1992,6,22
1992-07-01,24.835000000000036,,,,1992,7,1
1992-07-17,20.010000000000048,,,,1992,7,17
1992-07-24,21.146000000000015,,,,1992,7,24
1992-08-02,21.88100000000003,,,,1992,8,2
1992-08-09,29.56800000000004,,,,1992,8,9
1992-08-18,19.43100000000004,,,,1992,8,18
1992-08-25,17.670000000000016,,,,1992,8,25
1992-09-03,,,,,1992,9,3
1992-09-10,14.771000000000015,,,,1992,9,10
1992-09-19,1.559000000000026,,,,1992,9,19
1992-09-26,16.40500000000003,,,,1992,9,26
1992-10-05,10.632000000000005,,,,1992,10,5
1992-10-12,,,,,1992,10,12
1992-10-28,,,,,1992,10,28
1992-11-06,,,,,1992,11,6
1992-12-08,-17.169999999999987,,,,1992,12,8
1993-03-05,-14.746999999999957,,,,1993,3,5
1993-03-21,,,,,1993,3,21
1993-04-06,,,,,1993,4,6
1993-04-15,,,,,1993,4,15
1993-04-22,,,,,1993,4,22
1993-05-01,20.545000000000016,,,,1993,5,1
1993-05-08,,,,,1993,5,8
1993-05-17,22.680000000000007,,,,1993,5,17
1993-05-24,,,,,1993,5,24
1993-06-02,,,,,1993,6,2
1993-06-09,22.975000000000023,,,,1993,6,9
1993-06-18,,,,,1993,6,18
1993-06-25,,,,,1993,6,25
1993-07-27,,,,,1993,7,27
1993-08-12,15.302999999999997,,,,1993,8,12
1993-09-29,,,,,1993,9,29
1993-10-31,5.2660000000000196,,,,1993,10,31
1993-11-25,,,,,1993,11,25
1994-01-12,,,,,1994,1,12
1994-02-13,,,,,1994,2,13
1994-02-20,-13.384999999999991,,,,1994,2,20
1994-03-17,,,,,1994,3,17
1994-03-24,,,,,1994,3,24
1994-04-09,,,,,1994,4,9
1994-04-25,,,,,1994,4,25
1994-05-04,,,,,1994,5,4
1994-05-11,,,,,1994,5,11
1994-05-27,,,,,1994,5,27
1994-06-12,12.454000000000008,,,,1994,6,12
1994-06-21,,,,,1994,6,21
1994-06-28,,,,,1994,6,28
1994-07-14,,,,,1994,7,14
1994-07-23,24.048000000000002,,,,1994,7,23
1994-07-30,27.996000000000038,,,,1994,7,30
1994-08-08,16.468000000000018,,,,1994,8,8
1994-08-15,12.956000000000017,,,,1994,8,15
1994-08-24,,,,,1994,8,24
1994-08-31,17.313000000000045,,,,1994,8,31
1994-09-16,,,,,1994,9,16
1994-09-25,,,,,1994,9,25
1994-10-02,,,,,1994,10,2
1994-10-11,6.143000000000029,,,,1994,10,11
1994-10-18,0.8220000000000027,,,,1994,10,18
1994-10-27,,,,,1994,10,27
1994-11-03,3.3010000000000446,,,,1994,11,3
1995-01-31,-11.269999999999982,,,,1995,1,31
1995-02-07,,,,,1995,2,7
1995-03-11,-2.9470000000000027,,,,1995,3,11
1995-04-05,,,,,1995,4,5
1995-04-21,,,,,1995,4,21
1995-05-23,14.947000000000003,,,,1995,5,23
1995-05-30,,,,,1995,5,30
1995-06-08,,,,,1995,6,8
1995-06-15,,,,,1995,6,15
1995-07-01,24.229000000000042,,,,1995,7,1
1995-07-10,27.850000000000023,,,,1995,7,10
1995-08-02,19.463000000000022,,,,1995,8,2
1995-08-11,20.871000000000038,,,,1995,8,11
1995-08-18,17.24000000000001,,,,1995,8,18
1995-09-03,,,,,1995,9,3
1995-09-12,,,,,1995,9,12
1995-10-21,,,,,1995,10,21
1995-11-22,-13.08099999999996,,,,1995,11,22
1996-03-13,,,,,1996,3,13
1996-03-29,,,,,1996,3,29
1996-06-01,25.361000000000047,,,,1996,6,1
1996-06-17,,,,,1996,6,17
1996-07-03,,,,,1996,7,3
1996-07-19,,,,,1996,7,19
1996-08-04,,,,,1996,8,4
1996-08-20,19.887,,,,1996,8,20
1996-09-05,,,,,1996,9,5
1996-10-23,,,,,1996,10,23
1996-11-08,,,,,1996,11,8
1997-04-01,,,,,1997,4,1
1997-05-03,14.085000000000036,,,,1997,5,3
1997-05-19,18.622000000000014,,,,1997,5,19
1997-06-04,,,,,1997,6,4
1997-07-06,,,,,1997,7,6
1997-08-07,,,,,1997,8,7
1997-08-23,,,,,1997,8,23
1997-09-08,12.751000000000033,,,,1997,9,8
1997-11-27,,,,,1997,11,27
1998-01-14,,,,,1998,1,14
1998-01-30,,,,,1998,1,30
1998-02-15,,,,,1998,2,15
1998-03-03,,,,,1998,3,3
1998-03-19,,,,,1998,3,19
1998-04-04,,,,,1998,4,4
1998-04-20,,,,,1998,4,20
1998-06-07,,,,,1998,6,7
1998-08-10,25.089,,,,1998,8,10
1998-08-26,13.034000000000049,,,,1998,8,26
1998-09-27,,,,,1998,9,27
1998-10-13,,,,,1998,10,13
1998-12-16,,,,,1998,12,16
1999-01-17,-5.505999999999972,,,,1999,1,17
1999-02-27,-2.572999999999979,,,,1999,2,27
1999-03-06,,,,,1999,3,6
1999-03-22,,,,,1999,3,22
1999-04-23,,,,,1999,4,23
1999-05-09,,,,,1999,5,9
1999-05-18,,,,,1999,5,18
1999-06-26,21.80600000000004,,,,1999,6,26
1999-07-05,28.93100000000004,,,,1999,7,5
1999-07-12,,,,,1999,7,12
1999-07-20,,,,,1999,7,20
1999-07-21,,,,,1999,7,21
1999-07-28,,,,,1999,7,28
1999-08-05,,,,,1999,8,5
1999-08-06,,,,,1999,8,6
1999-08-13,,,,,1999,8,13
1999-08-21,,,,,1999,8,21
1999-08-22,12.103000000000009,,,,1999,8,22
1999-08-29,,,,,1999,8,29
1999-08-30,,,,,1999,8,30
1999-09-06,,,,,1999,9,6
1999-09-07,,,,,1999,9,7
1999-09-14,22.061000000000035,,,,1999,9,14
1999-09-22,,16.765000000000043,,,1999,9,22
1999-09-30,,,,,1999,9,30
1999-10-01,,,,,1999,10,1
1999-10-08,,,,,1999,10,8
1999-10-16,,,,,1999,10,16
1999-10-17,,,,,1999,10,17
1999-10-24,,5.444000000000017,,,1999,10,24
1999-11-01,9.266999999999996,,,,1999,11,1
1999-11-02,,,,,1999,11,2
1999-11-18,,,,,1999,11,18
1999-12-03,,,,,1999,12,3
1999-12-11,,,,,1999,12,11
1999-12-20,,,,,1999,12,20
2000-01-12,,-12.387,,,2000,1,12
2000-01-13,-11.16799999999995,,,,2000,1,13
2000-01-20,-17.504999999999967,,,,2000,1,20
2000-01-28,,,,,2000,1,28
2000-02-13,,,,,2000,2,13
2000-02-29,,,,,2000,2,29
2000-03-16,,,,,2000,3,16
2000-03-25,,,,,2000,3,25
2000-04-01,,,,,2000,4,1
2000-04-10,,,,,2000,4,10
2000-04-17,,,,,2000,4,17
2000-04-26,,,,,2000,4,26
2000-05-03,,12.055000000000007,,,2000,5,3
2000-05-04,,,,,2000,5,4
2000-05-12,,,,,2000,5,12
2000-05-19,,,,,2000,5,19
2000-05-28,,,,,2000,5,28
2000-06-04,,28.016999999999996,,,2000,6,4
2000-06-12,,,,,2000,6,12
2000-06-13,,,,,2000,6,13
2000-06-20,,27.150000000000034,,,2000,6,20
2000-06-29,,,,,2000,6,29
2000-07-06,,,,,2000,7,6
2000-07-22,,,,,2000,7,22
2000-07-31,,16.75200000000001,,,2000,7,31
2000-08-07,,,,,2000,8,7
2000-08-15,26.44300000000004,,,,2000,8,15
2000-08-16,,,,,2000,8,16
2000-08-23,,,,,2000,8,23
2000-08-31,,,,,2000,8,31
2000-09-01,,,,,2000,9,1
2000-09-09,18.600000000000023,,,,2000,9,9
2000-09-16,,,,,2000,9,16
2000-09-17,,,,,2000,9,17
2000-09-24,,14.629000000000019,,,2000,9,24
2000-11-03,9.793000000000006,,,,2000,11,3
2000-11-11,,,,,2000,11,11
2000-11-19,-0.6490000000000009,,,,2000,11,19
2000-11-27,,,,,2000,11,27
2000-12-05,2.1230000000000473,,,,2000,12,5
2000-12-13,,,,,2000,12,13
2000-12-21,-11.211999999999989,,,,2000,12,21
2000-12-29,,,,,2000,12,29
2001-01-14,,-10.762,,,2001,1,14
2001-01-15,-10.002999999999986,,,,2001,1,15
2001-01-30,,,,,2001,1,30
2001-01-31,,,,,2001,1,31
2001-02-08,,,,,2001,2,8
2001-02-15,,1.7960000000000491,,,2001,2,15
2001-02-24,,,,,2001,2,24
2001-03-03,,,,,2001,3,3
2001-03-11,,,,,2001,3,11
2001-03-12,,,,,2001,3,12
2001-03-19,,,,,2001,3,19
2001-03-28,,,,,2001,3,28
2001-04-04,,,,,2001,4,4
2001-04-13,,,,,2001,4,13
2001-04-29,,,,,2001,4,29
2001-05-15,,,,,2001,5,15
2001-05-22,,,,,2001,5,22
2001-05-23,,,,,2001,5,23
2001-05-30,21.903999999999996,,,,2001,5,30
2001-05-31,,,,,2001,5,31
2001-06-07,,,,,2001,6,7
2001-06-08,,,,,2001,6,8
2001-06-23,,,,,2001,6,23
2001-07-01,,,,,2001,7,1
2001-07-02,,,,,2001,7,2
2001-07-09,,16.78400000000005,,,2001,7,9
2001-07-18,,,,,2001,7,18
2001-07-25,,11.661000000000001,,,2001,7,25
2001-07-26,23.165999999999997,,,,2001,7,26
2001-08-02,24.239000000000033,,,,2001,8,2
2001-08-03,,25.05000000000001,,,2001,8,3
2001-08-10,,,,,2001,8,10
2001-08-18,16.549000000000035,,,,2001,8,18
2001-08-26,,24.400000000000034,,,2001,8,26
2001-08-27,12.249000000000024,,,,2001,8,27
2001-09-03,14.144000000000005,,,,2001,9,3
2001-09-11,,,,,2001,9,11
2001-09-19,10.984000000000037,,,,2001,9,19
2001-09-20,,,,,2001,9,20
2001-10-06,,,,,2001,10,6
2001-10-13,,16.859000000000037,,,2001,10,13
2001-10-29,,,,,2001,10,29
2001-11-14,,,,,2001,11,14
2001-11-15,-6.128999999999962,,,,2001,11,15
2001-11-23,,,,,2001,11,23
2001-12-16,,,,,2001,12,16
2002-01-17,,,,,2002,1,17
2002-02-02,,1.7720000000000482,,,2002,2,2
2002-02-03,2.27800000000002,,,,2002,2,3
2002-02-10,,,,,2002,2,10
2002-02-11,,,,,2002,2,11
2002-02-18,,,,,2002,2,18
2002-02-19,,,,,2002,2,19
2002-02-27,,,,,2002,2,27
2002-03-06,,4.165999999999997,,,2002,3,6
2002-03-15,,4.0120000000000005,,,2002,3,15
2002-03-23,,,,,2002,3,23
2002-03-31,,,,,2002,3,31
2002-04-07,,,,,2002,4,7
2002-04-16,,1.7970000000000255,,,2002,4,16
2002-04-23,,,,,2002,4,23
2002-05-02,,,,,2002,5,2
2002-05-09,,22.20300000000003,,,2002,5,9
2002-05-17,26.74000000000001,,,,2002,5,17
2002-05-18,,29.114000000000033,,,2002,5,18
2002-05-25,,19.38900000000001,,,2002,5,25
2002-06-03,,24.341000000000008,,,2002,6,3
2002-06-10,,,,,2002,6,10
2002-06-11,16.072000000000003,,,,2002,6,11
2002-06-18,27.06400000000002,,,,2002,6,18
2002-06-19,,35.815,,,2002,6,19
2002-06-26,,18.571000000000026,,,2002,6,26
2002-06-27,24.388000000000034,,,,2002,6,27
2002-07-05,,19.25200000000001,,,2002,7,5
2002-07-12,,20.319000000000017,,,2002,7,12
2002-07-21,,23.90500000000003,,,2002,7,21
2002-07-28,,23.271000000000015,,,2002,7,28
2002-08-22,,,,,2002,8,22
2002-08-29,,,,,2002,8,29
2002-09-07,,18.173000000000002,,,2002,9,7
2002-09-14,,,,,2002,9,14
2002-09-30,,10.790999999999997,,,2002,9,30
2002-10-16,,,,,2002,10,16
2002-11-01,,,,,2002,11,1
2002-11-17,,,,,2002,11,17
2002-11-26,,,,,2002,11,26
2002-12-19,,,,,2002,12,19
2003-01-20,,,,,2003,1,20
2003-02-05,,,,,2003,2,5
2003-02-14,,,,,2003,2,14
2003-02-21,,-1.5269999999999868,,,2003,2,21
2003-03-25,,4.265000000000043,,,2003,3,25
2003-04-10,,,,,2003,4,10
2003-04-19,,,,,2003,4,19
2003-04-26,,12.581000000000017,,,2003,4,26
2003-05-05,,28.914000000000044,,,2003,5,5
2003-05-12,,,,,2003,5,12
2003-05-21,,,,,2003,5,21
2003-05-28,,,,,2003,5,28
2003-06-30,,,,,2003,6,30
2003-07-07,,,,,2003,7,7
2003-07-15,,24.914000000000044,,,2003,7,15
2003-07-23,,,,,2003,7,23
2003-08-01,,,,,2003,8,1
2003-08-24,,,,,2003,8,24
2003-09-09,,,,,2003,9,9
2003-09-17,,18.521000000000015,,,2003,9,17
2003-09-18,23.548000000000002,,,,2003,9,18
2003-09-25,11.624000000000024,,,,2003,9,25
2003-09-26,,13.439999999999998,,,2003,9,26
2003-10-04,,,,,2003,10,4
2003-10-28,,-1.2699999999999818,,,2003,10,28
2003-11-13,,,,,2003,11,13
2003-12-22,,,,,2003,12,22
2004-01-08,-9.09699999999998,,,,2004,1,8
2004-01-23,,-19.81899999999999,,,2004,1,23
2004-01-24,-17.287999999999982,,,,2004,1,24
2004-01-31,-8.842999999999961,,,,2004,1,31
2004-02-25,,,,,2004,2,25
2004-03-12,-5.911000000000001,,,,2004,3,12
2004-03-19,,,,,2004,3,19
2004-03-27,,,,,2004,3,27
2004-04-04,,,,,2004,4,4
2004-04-20,,,,,2004,4,20
2004-04-28,,,,,2004,4,28
2004-05-22,,,,,2004,5,22
2004-05-30,,23.261000000000024,,,2004,5,30
2004-06-07,,,,,2004,6,7
2004-06-08,,24.826000000000022,,,2004,6,8
2004-06-15,,,,,2004,6,15
2004-06-23,16.03400000000005,,,,2004,6,23
2004-06-24,,18.843000000000018,,,2004,6,24
2004-07-09,,,,,2004,7,9
2004-07-25,20.319000000000017,,,,2004,7,25
2004-08-02,,,,,2004,8,2
2004-08-10,23.461000000000013,,,,2004,8,10
2004-08-26,,,,,2004,8,26
2004-09-03,,21.161,,,2004,9,3
2004-09-11,,,,,2004,9,11
2004-09-19,,17.024,,,2004,9,19
2004-10-05,,18.619000000000028,,,2004,10,5
2004-11-14,,,,,2004,11,14
2004-11-30,-1.8409999999999513,,,,2004,11,30
2004-12-08,,,,,2004,12,8
2004-12-09,,,,,2004,12,9
2004-12-16,-3.6370000000000005,,,,2004,12,16
2004-12-25,,,,,2004,12,25
2005-01-17,-3.484999999999957,,,,2005,1,17
2005-02-27,,,,,2005,2,27
2005-03-06,,,,,2005,3,6
2005-03-30,,-5.118999999999971,,,2005,3,30
2005-03-31,-2.5809999999999604,,,,2005,3,31
2005-04-15,,3.8040000000000305,,,2005,4,15
2005-04-16,,,,,2005,4,16
2005-05-01,,,,,2005,5,1
2005-05-09,,,,,2005,5,9
2005-05-10,,7.271000000000015,,,2005,5,10
2005-05-25,,,,,2005,5,25
2005-05-26,,23.399,,,2005,5,26
2005-06-02,,21.823000000000036,,,2005,6,2
2005-06-03,27.059000000000026,,,,2005,6,3
2005-06-10,,,,,2005,6,10
2005-06-19,19.54000000000002,,,,2005,6,19
2005-06-26,21.01400000000001,,,,2005,6,26
2005-07-04,,23.634000000000015,,,2005,7,4
2005-07-12,16.019000000000005,,,,2005,7,12
2005-07-20,,,,,2005,7,20
2005-07-21,,,,,2005,7,21
2005-07-28,31.766999999999996,,,,2005,7,28
2005-07-29,,,,,2005,7,29
2005-08-05,,,,,2005,8,5
2005-08-06,,,,,2005,8,6
2005-08-13,,,,,2005,8,13
2005-08-29,21.858000000000004,,,,2005,8,29
2005-09-07,22.136000000000024,,,,2005,9,7
2005-09-14,14.646000000000015,,,,2005,9,14
2005-09-22,,13.153999999999996,,,2005,9,22
2005-09-23,16.927999999999997,,,,2005,9,23
2005-10-01,,,,,2005,10,1
2005-10-08,,,,,2005,10,8
2005-10-09,13.415999999999997,,,,2005,10,9
2005-10-16,9.455000000000041,,,,2005,10,16
2005-10-25,,,,,2005,10,25
2005-11-01,,,,,2005,11,1
2005-11-09,,9.16900000000004,,,2005,11,9
2006-01-28,,-5.671999999999969,,,2006,1,28
2006-02-05,,,,,2006,2,5
2006-02-06,,,,,2006,2,6
2006-02-13,,,,,2006,2,13
2006-02-21,,,,,2006,2,21
2006-05-04,,5.4500000000000455,,,2006,5,4
2006-05-12,10.798000000000002,,,,2006,5,12
2006-05-28,,,,,2006,5,28
2006-06-05,,,,,2006,6,5
2006-06-13,22.489000000000033,,,,2006,6,13
2006-06-14,,,,,2006,6,14
2006-06-21,,27.24000000000001,,,2006,6,21
2006-06-29,,,,,2006,6,29
2006-07-15,20.670000000000016,,,,2006,7,15
2006-07-16,,,,,2006,7,16
2006-07-31,22.281000000000006,,,,2006,7,31
2006-08-16,,,,,2006,8,16
2006-08-25,,,,,2006,8,25
2006-09-01,,,,,2006,9,1
2006-09-10,19.971000000000004,,,,2006,9,10
2006-09-17,19.527000000000044,,,,2006,9,17
2006-09-25,,,,,2006,9,25
2006-09-26,,,,,2006,9,26
2006-10-03,,,,,2006,10,3
2006-10-12,11.256000000000029,,,,2006,10,12
2006-10-19,15.699000000000012,,,,2006,10,19
2006-10-27,,,,,2006,10,27
2006-10-28,,,,,2006,10,28
2006-11-29,,,,,2006,11,29
2006-12-06,,,,,2006,12,6
2006-12-07,,,,,2006,12,7
2006-12-14,,0.7230000000000132,,,2006,12,14
2006-12-23,,,,,2006,12,23
2006-12-31,,,,,2006,12,31
2007-01-07,,,,,2007,1,7
2007-01-15,,-1.3460000000000036,,,2007,1,15
2007-01-16,,,,,2007,1,16
2007-02-01,,,,,2007,2,1
2007-02-08,,,,,2007,2,8
2007-02-09,,,,,2007,2,9
2007-02-17,0.38800000000003365,,,,2007,2,17
2007-02-24,,,,,2007,2,24
2007-03-05,-0.5729999999999791,,,,2007,3,5
2007-03-12,3.6200000000000045,,,,2007,3,12
2007-03-13,,,,,2007,3,13
2007-03-29,,,,,2007,3,29
2007-04-05,,0.4900000000000091,,,2007,4,5
2007-04-14,,18.386000000000024,,,2007,4,14
2007-04-21,,14.012,,,2007,4,21
2007-04-29,18.734000000000037,,,,2007,4,29
2007-04-30,,13.614000000000033,,,2007,4,30
2007-05-08,,,,,2007,5,8
2007-05-23,,,,,2007,5,23
2007-05-24,24.326000000000022,,,,2007,5,24
2007-05-31,,,,,2007,5,31
2007-06-08,,24.535000000000025,,,2007,6,8
2007-06-09,,,,,2007,6,9
2007-06-16,,,,,2007,6,16
2007-06-24,,13.260000000000048,,,2007,6,24
2007-06-25,26.68300000000005,,,,2007,6,25
2007-07-11,,,,,2007,7,11
2007-07-18,,,,,2007,7,18
2007-07-19,,26.826000000000022,,,2007,7,19
2007-07-26,,21.611000000000047,,,2007,7,26
2007-07-27,21.075000000000045,,,,2007,7,27
2007-08-03,,,,,2007,8,3
2007-08-19,18.512,,,,2007,8,19
2007-08-28,,,,,2007,8,28
2007-09-04,,,,,2007,9,4
2007-09-13,,,,,2007,9,13
2007-09-20,9.574000000000012,,,,2007,9,20
2007-09-29,,,,,2007,9,29
2007-10-14,,8.353000000000009,,,2007,10,14
2007-12-17,,,,,2007,12,17
2007-12-26,,-3.978999999999985,,,2007,12,26
2008-01-11,,1.6590000000000487,,,2008,1,11
2008-02-03,,-7.1889999999999645,,,2008,2,3
2008-02-12,,-0.36099999999999,,,2008,2,12
2008-02-19,,,,,2008,2,19
2008-02-28,,,,,2008,2,28
2008-03-06,,-5.803999999999974,,,2008,3,6
2008-03-07,-8.842999999999961,,,,2008,3,7
2008-03-15,,-0.35599999999999454,,,2008,3,15
2008-03-31,,,,,2008,3,31
2008-05-02,,,,,2008,5,2
2008-05-09,,17.944000000000017,,,2008,5,9
2008-05-25,,,,,2008,5,25
2008-05-26,,,,,2008,5,26
2008-06-02,14.059000000000026,,,,2008,6,2
2008-06-10,,,,,2008,6,10
2008-06-18,,,,,2008,6,18
2008-06-26,,,,,2008,6,26
2008-07-04,,,,,2008,7,4
2008-07-20,17.709000000000003,,,,2008,7,20
2008-07-28,,24.387,,,2008,7,28
2008-07-29,26.604000000000042,,,,2008,7,29
2008-08-06,,20.15100000000001,,,2008,8,6
2008-08-13,,,,,2008,8,13
2008-08-21,16.951000000000022,,,,2008,8,21
2008-10-01,,,,,2008,10,1
2008-11-01,,8.418000000000006,,,2008,11,1
2008-12-03,,-6.09499999999997,,,2008,12,3
2008-12-28,,-12.979999999999961,,,2008,12,28
2009-01-13,,,,,2009,1,13
2009-02-05,,0.7650000000000432,,,2009,2,5
2009-03-18,,-1.690999999999974,,,2009,3,18
2009-03-25,,,,,2009,3,25
2009-04-03,,4.159000000000049,,,2009,4,3
2009-04-10,,7.104000000000042,,,2009,4,10
2009-04-19,,5.504000000000019,,,2009,4,19
2009-04-26,,,,,2009,4,26
2009-04-27,,,,,2009,4,27
2009-05-04,,,,,2009,5,4
2009-05-13,,,,,2009,5,13
2009-05-20,21.874000000000024,,,,2009,5,20
2009-06-05,14.723000000000013,,,,2009,6,5
2009-06-13,,16.890000000000043,,,2009,6,13
2009-06-14,21.75200000000001,,,,2009,6,14
2009-06-21,,,,,2009,6,21
2009-06-29,,,,,2009,6,29
2009-06-30,,,,,2009,6,30
2009-07-07,,,,,2009,7,7
2009-07-16,26.26600000000002,,,,2009,7,16
2009-07-23,28.326000000000022,,,,2009,7,23
2009-07-24,,,,,2009,7,24
2009-08-01,,,,,2009,8,1
2009-08-08,13.213000000000022,,,,2009,8,8
2009-08-09,,,,,2009,8,9
2009-08-16,,23.867999999999995,,,2009,8,16
2009-08-17,18.144000000000005,,,,2009,8,17
2009-08-24,20.841000000000008,,,,2009,8,24
2009-08-25,,23.521000000000015,,,2009,8,25
2009-09-01,,22.903999999999996,,,2009,9,1
2009-09-02,,,,,2009,9,2
2009-09-09,16.494000000000028,,,,2009,9,9
2009-09-10,,16.900000000000034,,,2009,9,10
2009-09-18,,,,,2009,9,18
2009-09-25,14.789000000000044,,,,2009,9,25
2009-09-26,,13.259000000000015,,,2009,9,26
2009-10-04,,,,,2009,10,4
2009-10-20,,,,,2009,10,20
2009-11-05,,,,,2009,11,5
2009-11-12,,,,,2009,11,12
2009-11-20,,12.497000000000014,,,2009,11,20
2009-11-21,,,,,2009,11,21
2009-11-28,,,,,2009,11,28
2009-12-07,,,,,2009,12,7
2009-12-14,,,,,2009,12,14
2010-02-16,-7.197999999999979,,,,2010,2,16
2010-02-25,,,,,2010,2,25
2010-03-04,,,,,2010,3,4
2010-03-29,,,,,2010,3,29
2010-04-05,,,,,2010,4,5
2010-04-06,,,,,2010,4,6
2010-04-13,,,,,2010,4,13
2010-04-21,5.6650000000000205,,,,2010,4,21
2010-04-22,,,,,2010,4,22
2010-04-29,,16.595000000000027,,,2010,4,29
2010-05-23,,,,,2010,5,23
2010-05-24,,21.847000000000037,,,2010,5,24
2010-06-08,,,,,2010,6,8
2010-06-09,,,,,2010,6,9
2010-06-17,,,,,2010,6,17
2010-06-24,,,,,2010,6,24
2010-06-25,,17.198000000000036,,,2010,6,25
2010-07-03,27.510000000000048,,,,2010,7,3
2010-07-10,24.569000000000017,,,,2010,7,10
2010-07-11,,30.908000000000015,,,2010,7,11
2010-07-19,15.205000000000041,,,,2010,7,19
2010-07-26,,,,,2010,7,26
2010-07-27,,,,,2010,7,27
2010-08-04,16.799000000000035,,,,2010,8,4
2010-08-11,,,,,2010,8,11
2010-08-20,19.576000000000022,,,,2010,8,20
2010-09-05,,,,,2010,9,5
2010-09-12,17.466000000000008,,,,2010,9,12
2010-09-20,,11.228000000000009,,,2010,9,20
2010-09-21,16.56400000000002,,,,2010,9,21
2010-10-07,,,,,2010,10,7
2010-10-14,7.38900000000001,,,,2010,10,14
2010-10-22,,-0.6029999999999518,,,2010,10,22
2010-10-23,,,,,2010,10,23
2010-10-30,10.996000000000038,,,,2010,10,30
2010-12-26,,,,,2010,12,26
2011-01-27,,,,,2011,1,27
2011-02-03,,,,,2011,2,3
2011-02-12,,,,,2011,2,12
2011-02-28,,,,,2011,2,28
2011-03-08,,1.0640000000000214,,,2011,3,8
2011-03-15,,6.199000000000012,,,2011,3,15
2011-03-16,,,,,2011,3,16
2011-03-24,,,,,2011,3,24
2011-04-09,,11.116000000000042,,,2011,4,9
2011-04-16,,,,,2011,4,16
2011-04-17,,,,,2011,4,17
2011-04-24,18.521000000000015,,,,2011,4,24
2011-04-25,,,,,2011,4,25
2011-05-02,,,,,2011,5,2
2011-05-10,20.54600000000005,,,,2011,5,10
2011-05-19,,,,,2011,5,19
2011-05-26,25.039000000000044,,,,2011,5,26
2011-06-03,,,,,2011,6,3
2011-06-04,22.829000000000008,,,,2011,6,4
2011-06-11,,,,,2011,6,11
2011-06-20,,,,,2011,6,20
2011-06-27,23.107000000000028,,,,2011,6,27
2011-06-28,,24.152000000000044,,,2011,6,28
2011-07-06,,,,,2011,7,6
2011-07-13,,,,,2011,7,13
2011-07-22,,,,,2011,7,22
2011-07-29,,,,,2011,7,29
2011-08-06,,,,,2011,8,6
2011-08-14,15.012,,,,2011,8,14
2011-08-22,,26.117999999999995,,,2011,8,22
2011-08-23,31.497000000000014,,,,2011,8,23
2011-08-30,,,,,2011,8,30
2011-08-31,,17.18300000000005,,,2011,8,31
2011-09-15,14.027000000000044,,,,2011,9,15
2011-09-16,,16.956000000000017,,,2011,9,16
2011-09-23,,,,,2011,9,23
2011-09-24,15.176000000000045,,,,2011,9,24
2011-10-01,20.51600000000002,,,,2011,10,1
2011-10-02,,19.650000000000034,,,2011,10,2
2011-10-09,,,,,2011,10,9
2011-10-17,10.534000000000049,,,,2011,10,17
2011-10-18,,,,,2011,10,18
2011-10-25,,7.744000000000028,,,2011,10,25
2011-11-02,,,,,2011,11,2
2011-11-10,,,,,2011,11,10
2011-11-11,,,,,2011,11,11
2011-11-19,,,,,2011,11,19
2011-11-26,,,,,2011,11,26
2011-12-05,,,,,2011,12,5
2011-12-12,,-3.7719999999999914,,,2011,12,12
2011-12-28,,,,,2011,12,28
2012-02-14,,,,,2012,2,14
2012-03-17,,,,,2012,3,17
2012-03-26,,0.9510000000000218,,,2012,3,26
2012-04-02,,-0.575999999999965,,,2012,4,2
2012-04-11,,,,,2012,4,11
2012-04-18,,,,,2012,4,18
2012-04-27,,11.793000000000006,,,2012,4,27
2012-05-04,,,,,2012,5,4
2012-05-13,,,,,2012,5,13
2012-05-20,,28.772000000000048,,,2012,5,20
2012-05-29,,,,,2012,5,29
2012-06-21,,,,,2012,6,21
2012-07-07,,,,,2012,7,7
2012-07-23,,17.09200000000004,,,2012,7,23
2012-08-08,,13.289000000000044,,,2012,8,8
2012-09-09,,21.083000000000027,,,2012,9,9
2012-09-25,,14.749000000000024,,,2012,9,25
2012-10-04,,,,,2012,10,4
2012-10-11,,7.336000000000013,,,2012,10,11
2012-10-20,,18.242999999999995,,,2012,10,20
2012-11-21,,5.063000000000045,,,2012,11,21
2012-12-07,,,,,2012,12,7
2013-03-04,,-1.0769999999999982,,,2013,3,4
2013-03-20,,-4.854999999999961,,,2013,3,20
2013-03-24,,,,,2013,3,24
2013-03-29,,-3.395999999999958,,,2013,3,29
2013-03-29,,,,,2013,3,29
2013-04-13,,,,,2013,4,13
2013-04-14,,2.576000000000022,,,2013,4,14
2013-04-21,,2.566000000000031,,,2013,4,21
2013-04-30,,,,,2013,4,30
2013-05-15,,,23.277000000000044,,2013,5,15
2013-06-08,,,,,2013,6,8
2013-06-09,,,23.141999999999996,,2013,6,9
2013-06-16,,,17.802999999999997,,2013,6,16
2013-06-17,,28.995000000000005,,,2013,6,17
2013-07-02,,,,,2013,7,2
2013-07-03,,,,,2013,7,3
2013-07-10,,,,,2013,7,10
2013-07-18,,,,,2013,7,18
2013-07-19,,,,,2013,7,19
2013-07-26,,26.771000000000015,,,2013,7,26
2013-08-03,,,29.482000000000028,,2013,8,3
2013-08-04,,25.714,,,2013,8,4
2013-08-11,,,,,2013,8,11
2013-08-19,,,,,2013,8,19
2013-09-04,,,,,2013,9,4
2013-09-28,,12.156000000000006,,,2013,9,28
2013-10-06,,,,,2013,10,6
2013-10-07,,,,,2013,10,7
2013-10-14,,8.244000000000028,,,2013,10,14
2013-10-15,,,,,2013,10,15
2013-10-22,,,,,2013,10,22
2013-10-23,,,,,2013,10,23
2013-11-07,,,,,2013,11,7
2013-11-08,,,,,2013,11,8
2013-11-15,,,,,2013,11,15
2013-11-16,,,,,2013,11,16
2013-12-01,,,,,2013,12,1
2013-12-02,,,,,2013,12,2
2013-12-10,,,,,2013,12,10
2013-12-17,,3.6240000000000236,,,2013,12,17
2013-12-18,,,,,2013,12,18
2013-12-25,,,,,2013,12,25
2013-12-26,,,,,2013,12,26
2014-01-02,,,,,2014,1,2
2014-01-03,,,,,2014,1,3
2014-01-10,,,,,2014,1,10
2014-01-11,,,,,2014,1,11
2014-01-18,,-0.002999999999985903,,,2014,1,18
2014-01-19,,,,,2014,1,19
2014-02-03,,,,,2014,2,3
2014-02-04,,,2.598000000000013,,2014,2,4
2014-02-12,,-1.690999999999974,,,2014,2,12
2014-02-20,,,,,2014,2,20
2014-02-27,,,,,2014,2,27
2014-02-28,,,,,2014,2,28
2014-03-07,,3.2690000000000055,,,2014,3,7
2014-03-08,,,,,2014,3,8
2014-03-15,,,,,2014,3,15
2014-03-31,,,,,2014,3,31
2014-04-01,,9.54400000000004,,,2014,4,1
2014-04-08,,,,,2014,4,8
2014-04-09,,,,,2014,4,9
2014-04-17,,,,,2014,4,17
2014-04-24,,,,,2014,4,24
2014-04-25,,,,,2014,4,25
2014-05-02,,,,,2014,5,2
2014-05-10,,,,,2014,5,10
2014-05-19,,21.204000000000008,,,2014,5,19
2014-05-26,,,,,2014,5,26
2014-06-03,,,,,2014,6,3
2014-06-04,,,,,2014,6,4
2014-06-11,,31.22800000000001,,,2014,6,11
2014-06-19,,,17.387,,2014,6,19
2014-06-20,,,,,2014,6,20
2014-06-27,,20.358000000000004,,,2014,6,27
2014-07-05,,,,,2014,7,5
2014-07-06,,26.340000000000032,,,2014,7,6
2014-07-13,,,,,2014,7,13
2014-07-21,,,,,2014,7,21
2014-07-22,,,,,2014,7,22
2014-08-06,,,,,2014,8,6
2014-08-07,,,,,2014,8,7
2014-08-22,,,,,2014,8,22
2014-08-23,,,,,2014,8,23
2014-08-30,,,,,2014,8,30
2014-09-07,,,14.616000000000042,,2014,9,7
2014-09-08,,,,,2014,9,8
2014-09-15,,,,,2014,9,15
2014-10-09,,,19.27800000000002,,2014,10,9
2014-10-10,,,,,2014,10,10
2014-10-17,,,,,2014,10,17
2014-10-25,,,5.024000000000001,,2014,10,25
2014-10-26,,,,,2014,10,26
2014-11-02,,13.245000000000005,,,2014,11,2
2014-11-10,,,,,2014,11,10
2014-11-11,,,,,2014,11,11
2014-11-26,,,-3.4389999999999645,,2014,11,26
2014-11-27,,,,,2014,11,27
2014-12-04,,,,,2014,12,4
2014-12-12,,,,,2014,12,12
2014-12-13,,,,,2014,12,13
2014-12-20,,,,,2014,12,20
2015-01-13,,,-1.0579999999999927,,2015,1,13
2015-01-14,,,,,2015,1,14
2015-01-21,,,,,2015,1,21
2015-01-29,,,,,2015,1,29
2015-02-06,,,,,2015,2,6
2015-02-14,,,0.25499999999999545,,2015,2,14
2015-02-15,,,,,2015,2,15
2015-02-22,,,,,2015,2,22
2015-02-23,,,,,2015,2,23
2015-03-03,,,,,2015,3,3
2015-03-10,,3.766999999999996,,,2015,3,10
2015-03-18,,,4.069000000000017,,2015,3,18
2015-03-19,,,,,2015,3,19
2015-03-26,,,,,2015,3,26
2015-04-03,,,,,2015,4,3
2015-04-11,,3.813000000000045,,,2015,4,11
2015-04-12,,,,,2015,4,12
2015-04-19,,,9.802999999999997,,2015,4,19
2015-04-20,,,,,2015,4,20
2015-04-27,,9.088000000000022,,,2015,4,27
2015-05-05,,,,,2015,5,5
2015-05-13,,21.65300000000002,,,2015,5,13
2015-05-14,,,17.994000000000028,,2015,5,14
2015-05-22,,,,,2015,5,22
2015-05-29,,,,,2015,5,29
2015-06-06,,,30.269000000000005,,2015,6,6
2015-06-07,,,,,2015,6,7
2015-06-14,,19.314999999999998,,,2015,6,14
2015-06-22,,,,,2015,6,22
2015-06-23,,,,,2015,6,23
2015-06-30,,,,,2015,6,30
2015-07-08,,,,,2015,7,8
2015-07-09,,,,,2015,7,9
2015-07-16,,25.986000000000047,,,2015,7,16
2015-07-24,,,,,2015,7,24
2015-07-25,,,,,2015,7,25
2015-08-01,,,,,2015,8,1
2015-08-09,,,27.926000000000045,,2015,8,9
2015-08-10,,31.475000000000023,,,2015,8,10
2015-08-25,,,,,2015,8,25
2015-08-26,,22.51400000000001,,,2015,8,26
2015-09-02,,,,,2015,9,2
2015-09-10,,,,,2015,9,10
2015-09-11,,16.333000000000027,,,2015,9,11
2015-09-18,,13.18300000000005,,,2015,9,18
2015-09-27,,,,,2015,9,27
2015-10-12,,,7.253000000000043,,2015,10,12
2015-10-28,,,12.027000000000044,,2015,10,28
2015-11-05,,11.53000000000003,,,2015,11,5
2015-11-13,,,,,2015,11,13
2015-11-14,,,,,2015,11,14
2015-11-21,,,,,2015,11,21
2015-12-07,,4.496000000000038,,,2015,12,7
2015-12-15,,,,,2015,12,15
2015-12-16,,,,,2015,12,16
2015-12-23,,3.6750000000000114,,,2015,12,23
2015-12-31,,,0.132000000000005,,2015,12,31
2016-01-01,,,,,2016,1,1
2016-01-08,,,,,2016,1,8
2016-01-16,,,,,2016,1,16
2016-01-17,,,,,2016,1,17
2016-02-02,,,,,2016,2,2
2016-02-09,,,,,2016,2,9
2016-02-17,,,,,2016,2,17
2016-02-18,,,,,2016,2,18
2016-02-25,,,,,2016,2,25
2016-03-04,,,,,2016,3,4
2016-03-05,,,,,2016,3,5
2016-03-12,,,,,2016,3,12
2016-03-20,,,0.16200000000003456,,2016,3,20
2016-03-21,,-0.2759999999999536,,,2016,3,21
2016-03-28,,-2.169999999999959,,,2016,3,28
2016-03-29,,,,,2016,3,29
2016-04-05,,,,,2016,4,5
2016-04-06,,,,,2016,4,6
2016-04-13,,,,,2016,4,13
2016-04-21,,,17.621000000000038,,2016,4,21
2016-04-22,,,,,2016,4,22
2016-04-29,,2.9279999999999973,,,2016,4,29
2016-04-30,,,,,2016,4,30
2016-05-07,,,22.184000000000026,,2016,5,7
2016-05-08,,20.833000000000027,,,2016,5,8
2016-05-15,,,,,2016,5,15
2016-05-23,,,21.528999999999996,,2016,5,23
2016-06-08,,,,,2016,6,8
2016-06-16,,6.487000000000023,,,2016,6,16
2016-06-24,,,,,2016,6,24
2016-06-25,,28.811000000000035,,,2016,6,25
2016-07-02,,,,,2016,7,2
2016-07-10,,,27.125,,2016,7,10
2016-07-11,,,,,2016,7,11
2016-07-18,,19.498000000000047,,,2016,7,18
2016-07-26,,,,,2016,7,26
2016-07-27,,,,,2016,7,27
2016-08-03,,,,,2016,8,3
2016-08-11,,,12.830000000000041,,2016,8,11
2016-08-19,,,,,2016,8,19
2016-08-27,,,27.44300000000004,,2016,8,27
2016-08-28,,27.208000000000027,,,2016,8,28
2016-09-04,,,,,2016,9,4
2016-09-12,,,23.797000000000025,,2016,9,12
2016-09-13,,25.133000000000038,,,2016,9,13
2016-09-20,,,,,2016,9,20
2016-09-28,,,,,2016,9,28
2016-09-29,,7.2070000000000505,,,2016,9,29
2016-10-14,,,,,2016,10,14
2016-10-15,,8.897000000000048,,,2016,10,15
2016-10-22,,,,,2016,10,22
2016-10-30,,,,,2016,10,30
2016-10-31,,5.15300000000002,,,2016,10,31
2016-11-07,,,,,2016,11,7
2016-11-15,,,,,2016,11,15
2016-11-23,,5.625,,,2016,11,23
2016-12-02,,,,,2016,12,2
2016-12-09,,,,,2016,12,9
2016-12-17,,,,,2016,12,17
2017-01-02,,,,,2017,1,2
2017-01-03,,,,,2017,1,3
2017-01-10,,,,,2017,1,10
2017-01-18,,,,,2017,1,18
2017-01-19,,-8.745000000000005,,,2017,1,19
2017-01-26,,-7.4739999999999895,,,2017,1,26
2017-02-04,,-1.2309999999999945,,,2017,2,4
2017-02-11,,-2.214999999999975,,,2017,2,11
2017-02-19,,,,,2017,2,19
2017-02-20,,,,,2017,2,20
2017-02-27,,,,,2017,2,27
2017-02-28,,,,,2017,2,28
2017-03-08,,,,,2017,3,8
2017-03-24,,,,,2017,3,24
2017-03-31,,,,,2017,3,31
2017-04-01,,,11.66700000000003,,2017,4,1
2017-04-08,,,,,2017,4,8
2017-04-09,,,,,2017,4,9
2017-04-16,,,,,2017,4,16
2017-04-17,,,,,2017,4,17
2017-04-24,,,3.7170000000000414,,2017,4,24
2017-04-25,,,,,2017,4,25
2017-05-02,,,,,2017,5,2
2017-05-10,,,2.8310000000000173,,2017,5,10
2017-05-11,,,,,2017,5,11
2017-05-18,,27.03000000000003,,,2017,5,18
2017-05-26,,,22.293000000000006,,2017,5,26
2017-05-27,,28.664000000000044,,,2017,5,27
2017-06-03,,29.048000000000002,,,2017,6,3
2017-06-11,,,25.132000000000005,,2017,6,11
2017-06-12,,,,,2017,6,12
2017-06-19,,26.930000000000007,,,2017,6,19
2017-06-27,,,,,2017,6,27
2017-06-28,,,,,2017,6,28
2017-07-05,,,,,2017,7,5
2017-07-13,,,17.30800000000005,,2017,7,13
2017-07-14,,,,,2017,7,14
2017-07-21,,23.559000000000026,,,2017,7,21
2017-07-29,,,,,2017,7,29
2017-07-30,,,,,2017,7,30
2017-08-06,,,,,2017,8,6
2017-08-14,,,,,2017,8,14
2017-08-15,,25.62700000000001,,,2017,8,15
2017-08-22,,,,,2017,8,22
2017-08-30,,,25.811000000000035,,2017,8,30
2017-08-31,,23.837000000000046,,,2017,8,31
2017-09-07,,,,,2017,9,7
2017-09-15,,,,,2017,9,15
2017-09-23,,,,,2017,9,23
2017-10-01,,,,,2017,10,1
2017-10-02,,11.373000000000047,,,2017,10,2
2017-10-09,,3.7450000000000045,,,2017,10,9
2017-10-17,,,19.16300000000001,,2017,10,17
2017-10-18,,,,,2017,10,18
2017-10-25,,,,,2017,10,25
2017-10-26,,,,,2017,10,26
2017-11-02,,,,,2017,11,2
2017-11-03,,,,,2017,11,3
2017-11-11,,,,,2017,11,11
2017-11-19,,,,,2017,11,19
2017-11-26,,,,,2017,11,26
2017-12-12,,-23.48799999999997,,,2017,12,12
2017-12-29,,,,,2017,12,29
2018-01-05,,,,,2018,1,5
2018-01-06,,,,,2018,1,6
2018-01-29,,,,,2018,1,29
2018-02-06,,,-8.324999999999989,,2018,2,6
2018-02-14,,,,,2018,2,14
2018-02-22,,,,,2018,2,22
2018-02-23,,,,,2018,2,23
2018-03-02,,-7.687999999999988,,,2018,3,2
2018-03-10,,,,,2018,3,10
2018-03-11,,-0.6999999999999886,,,2018,3,11
2018-03-27,,,,,2018,3,27
2018-04-03,,2.992999999999995,,,2018,4,3
2018-04-04,,,,,2018,4,4
2018-04-11,,,3.862000000000023,,2018,4,11
2018-04-12,,,,,2018,4,12
2018-04-19,,11.480999999999995,,,2018,4,19
2018-04-20,,,16.189999999999998,,2018,4,20
2018-04-27,,,14.759000000000015,,2018,4,27
2018-04-28,,21.951999999999998,,,2018,4,28
2018-05-05,,,,,2018,5,5
2018-05-06,,,21.623000000000047,,2018,5,6
2018-05-13,,,21.33200000000005,,2018,5,13
2018-05-14,,,,,2018,5,14
2018-05-21,,,,,2018,5,21
2018-05-22,,,23.201000000000022,,2018,5,22
2018-05-29,,,25.55000000000001,,2018,5,29
2018-05-30,,,,,2018,5,30
2018-06-06,,,,,2018,6,6
2018-06-15,,15.287000000000035,,,2018,6,15
2018-06-22,,,,,2018,6,22
2018-06-30,,,19.081000000000017,,2018,6,30
2018-07-01,,20.15300000000002,,,2018,7,1
2018-07-08,,21.991000000000042,,,2018,7,8
2018-07-16,,,,,2018,7,16
2018-07-17,,,,,2018,7,17
2018-07-24,,21.598000000000013,,,2018,7,24
2018-08-01,,,,,2018,8,1
2018-08-02,,,,,2018,8,2
2018-08-17,,,,,2018,8,17
2018-08-18,,,,,2018,8,18
2018-09-10,,20.135000000000048,,,2018,9,10
2018-09-18,,,22.511000000000024,,2018,9,18
2018-09-19,,,,,2018,9,19
2018-09-26,,0.6940000000000168,,,2018,9,26
2018-10-04,,,9.456000000000017,,2018,10,4
2018-10-05,,17.14100000000002,,,2018,10,5
2018-10-12,,16.778999999999996,,,2018,10,12
2018-10-20,,,,,2018,10,20
2018-10-21,,7.518000000000029,,,2018,10,21
2018-11-05,,,,,2018,11,5
2018-11-06,,13.508000000000038,,,2018,11,6
2018-11-13,,-2.534999999999968,,,2018,11,13
2018-11-21,,,,,2018,11,21
2018-11-29,,-5.2409999999999854,,,2018,11,29
2018-12-07,,,,,2018,12,7
2018-12-08,,,,,2018,12,8
2018-12-15,,,,,2018,12,15
2018-12-23,,,,,2018,12,23
2019-01-08,,,,,2019,1,8
2019-01-16,,,,,2019,1,16
2019-02-09,,,,,2019,2,9
2019-02-10,,,,,2019,2,10
2019-02-17,,2.7070000000000505,,,2019,2,17
2019-02-25,,,2.1310000000000286,,2019,2,25
2019-02-26,,0.29700000000002547,,,2019,2,26
2019-03-13,,,,,2019,3,13
2019-03-14,,,,,2019,3,14
2019-03-21,,2.3220000000000027,,,2019,3,21
2019-03-29,,,1.7320000000000277,,2019,3,29
2019-03-30,,2.670000000000016,,,2019,3,30
2019-04-06,,,,,2019,4,6
2019-04-07,,,,,2019,4,7
2019-04-14,,,,,2019,4,14
2019-04-15,,3.9020000000000437,,,2019,4,15
2019-04-22,,11.491000000000042,,,2019,4,22
2019-04-23,,,,,2019,4,23
2019-04-30,,,,,2019,4,30
2019-05-01,,,,,2019,5,1
2019-05-08,,8.148000000000025,,,2019,5,8
2019-05-17,,,,,2019,5,17
2019-05-24,,,,,2019,5,24
2019-06-01,,,,,2019,6,1
2019-06-02,,,,,2019,6,2
2019-06-09,,23.03000000000003,,,2019,6,9
2019-06-17,,,,,2019,6,17
2019-06-18,,,,,2019,6,18
2019-06-25,,30.621000000000038,,,2019,6,25
2019-07-03,,,22.238,,2019,7,3
2019-07-04,,24.773000000000025,,,2019,7,4
2019-07-19,,,,,2019,7,19
2019-07-20,,26.269000000000005,,,2019,7,20
2019-07-27,,,,,2019,7,27
2019-08-04,,,20.757000000000005,,2019,8,4
2019-08-05,,12.097000000000037,,,2019,8,5
2019-08-12,,,,,2019,8,12
2019-08-20,,,,,2019,8,20
2019-08-21,,,,,2019,8,21
2019-08-28,,,,,2019,8,28
2019-09-05,,,,,2019,9,5
2019-09-06,,,,,2019,9,6
2019-09-13,,,,,2019,9,13
2019-09-21,,,18.236000000000047,,2019,9,21
2019-09-22,,21.24000000000001,,,2019,9,22
2019-09-29,,12.833000000000027,,,2019,9,29
2019-10-07,,,,,2019,10,7
2019-10-08,,,,,2019,10,8
2019-10-15,,,,,2019,10,15
2019-10-23,,,17.762,,2019,10,23
2019-10-24,,,,,2019,10,24
2019-10-31,,1.4920000000000186,,,2019,10,31
2019-11-08,,,,,2019,11,8
2019-11-16,,2.274000000000001,,,2019,11,16
2019-11-24,,,,,2019,11,24
2019-11-25,,,,,2019,11,25
2019-12-02,,,,,2019,12,2
2019-12-10,,,,,2019,12,10
2019-12-11,,-5.796999999999969,,,2019,12,11
2019-12-18,,,,,2019,12,18
2019-12-27,,,,,2019,12,27
2020-01-03,,-0.0999999999999659,,,2020,1,3
2020-01-11,,,,,2020,1,11
2020-01-12,,-2.6779999999999973,,,2020,1,12
2020-01-27,,,,,2020,1,27
2020-01-28,,,,,2020,1,28
2020-02-04,,,,,2020,2,4
2020-02-13,,,,,2020,2,13
2020-02-28,,,,,2020,2,28
2020-03-15,,,1.566000000000031,,2020,3,15
2020-03-16,,-3.2479999999999905,,,2020,3,16
2020-03-23,,-5.661999999999978,,,2020,3,23
2020-03-24,,,,,2020,3,24
2020-03-31,,,,,2020,3,31
2020-04-01,,,,,2020,4,1
2020-04-08,,13.773000000000025,,,2020,4,8
2020-04-09,,,,,2020,4,9
2020-04-16,,,18.545000000000016,,2020,4,16
2020-04-17,,15.02600000000001,,,2020,4,17
2020-04-24,,-13.048999999999978,,,2020,4,24
2020-04-25,,,18.81800000000004,,2020,4,25
2020-05-02,,,,,2020,5,2
2020-05-03,,,,,2020,5,3
2020-05-18,,,22.677999999999997,,2020,5,18
2020-05-19,,,,,2020,5,19
2020-06-03,,,,,2020,6,3
2020-06-04,,,,,2020,6,4
2020-06-19,,,,,2020,6,19
2020-06-27,,18.723000000000013,,,2020,6,27
2020-07-05,,,,,2020,7,5
2020-07-06,,,,,2020,7,6
2020-07-13,,,,,2020,7,13
2020-07-21,,,24.051000000000045,,2020,7,21
2020-07-22,,22.547000000000025,,,2020,7,22
2020-07-29,,19.70700000000005,,,2020,7,29
2020-08-06,,,20.857000000000028,,2020,8,6
2020-08-07,,25.491000000000042,,,2020,8,7
2020-08-14,,8.220000000000027,,,2020,8,14
2020-08-22,,,21.322000000000003,,2020,8,22
2020-08-23,,,,,2020,8,23
2020-09-07,,,,,2020,9,7
2020-09-08,,17.140000000000043,,,2020,9,8
2020-09-15,,22.38900000000001,,,2020,9,15
2020-09-23,,,,,2020,9,23
2020-09-24,,,,,2020,9,24
2020-10-01,,12.543000000000006,,,2020,10,1
2020-10-09,,,,,2020,10,9
2020-10-10,,,,,2020,10,10
2020-10-25,,,10.629999999999995,,2020,10,25
2020-10-26,,10.093000000000018,,,2020,10,26
2020-11-10,,,,,2020,11,10
2020-11-18,,5.79200000000003,,,2020,11,18
2020-11-26,,,,,2020,11,26
2020-11-27,,1.6930000000000405,,,2020,11,27
2020-12-04,,-0.15499999999997272,,,2020,12,4
2020-12-12,,,,,2020,12,12
2020-12-28,,,,,2020,12,28
2021-01-21,,,,,2021,1,21
2021-02-06,,,,,2021,2,6
2021-02-14,,,-10.770999999999958,,2021,2,14
2021-02-15,,-14.161000000000001,,,2021,2,15
2021-02-22,,4.562000000000012,,,2021,2,22
2021-03-02,,,3.7390000000000327,,2021,3,2
2021-03-03,,,,,2021,3,3
2021-03-18,,,,,2021,3,18
2021-03-26,,4.458000000000027,,,2021,3,26
2021-04-03,,,,,2021,4,3
2021-04-04,,0.6450000000000387,,,2021,4,4
2021-04-11,,,,,2021,4,11
2021-04-20,,,,,2021,4,20
2021-04-27,,,,,2021,4,27
2021-04-28,,,,,2021,4,28
2021-05-05,,,,,2021,5,5
2021-05-06,,,,,2021,5,6
2021-05-21,,,,,2021,5,21
2021-05-22,,,,,2021,5,22
2021-05-29,,,,,2021,5,29
2021-06-07,,21.194000000000017,,,2021,6,7
2021-06-22,,,,,2021,6,22
2021-06-23,,,,,2021,6,23
2021-06-30,,,,,2021,6,30
2021-07-08,,,21.51400000000001,,2021,7,8
2021-07-09,,,,,2021,7,9
2021-07-16,,,,,2021,7,16
2021-07-24,,,21.185000000000002,,2021,7,24
2021-07-25,,,,,2021,7,25
2021-08-09,,,15.616000000000042,,2021,8,9
2021-08-10,,17.725000000000023,,,2021,8,10
2021-08-17,,,,,2021,8,17
2021-08-25,,,,,2021,8,25
2021-09-02,,14.613,,,2021,9,2
2021-09-10,,,19.033000000000015,,2021,9,10
2021-09-11,,14.288000000000011,,,2021,9,11
2021-09-18,,,,,2021,9,18
2021-09-26,,,19.028999999999996,,2021,9,26
2021-10-04,,6.955000000000041,,,2021,10,4
2021-10-12,,,,,2021,10,12
2021-10-13,,,,,2021,10,13
2021-10-20,,13.790999999999997,,,2021,10,20
2021-10-28,,,10.426000000000045,,2021,10,28
2021-10-29,,12.12700000000001,,,2021,10,29
2021-11-03,,,,,2021,11,3
2021-11-05,,,,,2021,11,5
2021-11-08,,,,,2021,11,8
2021-11-14,,,,,2021,11,14
2021-11-21,,1.9290000000000305,,,2021,11,21
2021-11-29,,,,,2021,11,29
2021-12-23,,,,,2021,12,23
2021-12-31,,,,,2021,12,31
2022-01-16,,,,,2022,1,16
2022-01-24,,,,,2022,1,24
2022-02-02,,,,,2022,2,2
2022-02-09,,,,,2022,2,9
2022-02-17,,,,,2022,2,17
2022-02-18,,,,,2022,2,18
2022-02-25,,,,,2022,2,25
2022-03-05,,,,,2022,3,5
2022-03-06,,,,,2022,3,6
2022-03-13,,1.5970000000000368,,,2022,3,13
2022-03-14,,,,,2022,3,14
2022-03-21,,,2.233000000000004,,2022,3,21
2022-03-22,,4.44500000000005,,3.3360000000000127,2022,3,22
2022-03-29,,,,,2022,3,29
2022-03-30,,,,,2022,3,30
2022-04-06,,,,,2022,4,6
2022-04-07,,,,,2022,4,7
2022-04-14,,,,6.773000000000025,2022,4,14
2022-04-15,,,,,2022,4,15
2022-04-22,,,,,2022,4,22
2022-04-23,,,,,2022,4,23
2022-04-30,,,,,2022,4,30
2022-05-08,,,,,2022,5,8
2022-05-08,,,,,2022,5,8
2022-05-09,,,,,2022,5,9
2022-05-16,,,,,2022,5,16
2022-05-20,,,,,2022,5,20
2022-06-01,,,,15.282000000000039,2022,6,1
2022-06-06,,16.986000000000047,,,2022,6,6
2022-06-11,,16.189999999999998,,,2022,6,11
2022-06-17,,,,,2022,6,17
2022-06-25,,,,,2022,6,25
2022-06-26,,,,,2022,6,26
2022-06-28,,,,,2022,6,28
2022-07-03,,,,24.354000000000042,2022,7,3
2022-07-10,,,,,2022,7,10
2022-07-11,,,12.882000000000005,,2022,7,11
2022-07-15,,14.254999999999995,,,2022,7,15
2022-07-19,,,,28.15700000000004,2022,7,19
2022-07-27,,,,,2022,7,27
2022-07-27,,,,,2022,7,27
2022-08-01,,,,,2022,8,1
2022-08-04,,,,29.397000000000048,2022,8,4
2022-08-05,,,,,2022,8,5
2022-08-12,,,19.624000000000024,,2022,8,12
2022-08-13,,17.527000000000044,,,2022,8,13
2022-08-18,,,,,2022,8,18
2022-08-30,,15.826999999999998,,,2022,8,30
2022-09-04,,15.729000000000042,,,2022,9,4
2022-09-05,,,,,2022,9,5
2022-09-13,,,,,2022,9,13
2022-09-21,,,,,2022,9,21
2022-09-22,,,9.447000000000003,,2022,9,22
2022-09-29,,,,,2022,9,29
2022-10-03,,,,,2022,10,3
2022-10-07,,,,15.497000000000014,2022,10,7
2022-10-08,,7.980000000000018,,,2022,10,8
2022-10-20,,5.9150000000000205,,,2022,10,20
2022-10-23,,,,,2022,10,23
2022-10-25,,,,,2022,10,25
2022-10-31,,,15.649000000000001,,2022,10,31
2022-11-06,,2.469000000000051,,,2022,11,6
2022-11-08,,,,4.8629999999999995,2022,11,8
2022-11-09,,,6.270000000000039,,2022,11,9
2022-11-24,,,,,2022,11,24
2022-12-11,,,,,2022,12,11
2022-12-18,,,-12.370000000000005,,2022,12,18
2022-12-26,,,,,2022,12,26
2023-01-03,,,,,2023,1,3
2023-01-04,,,,,2023,1,4
2023-01-11,,,,,2023,1,11
2023-01-19,,,,,2023,1,19
2023-02-04,,,,,2023,2,4
2023-02-05,,,,,2023,2,5
2023-02-20,,,,,2023,2,20
2023-02-21,,,,,2023,2,21
2023-03-01,,,-1.5409999999999968,,2023,3,1
2023-03-08,,,,,2023,3,8
2023-03-09,,,,,2023,3,9
2023-03-15,,-4.0709999999999695,,,2023,3,15
2023-03-16,,,,-1.1759999999999877,2023,3,16
2023-03-17,,,4.131000000000029,,2023,3,17
2023-03-24,,,,,2023,3,24
2023-03-25,,,,,2023,3,25
2023-04-01,,-6.867999999999995,,,2023,4,1
2023-04-06,,1.5980000000000132,,,2023,4,6
2023-04-10,,,,,2023,4,10
2023-04-23,,,,,2023,4,23
2023-04-25,,,,,2023,4,25
2023-04-26,,,,,2023,4,26
2023-04-28,,,,,2023,4,28
2023-05-03,,,,,2023,5,3
2023-05-04,,,12.997000000000014,,2023,5,4
2023-05-11,,,,,2023,5,11
2023-05-19,,,,7.992999999999995,2023,5,19
2023-05-20,,8.512,,,2023,5,20
2023-05-27,,,19.996000000000038,,2023,5,27
2023-05-28,,,,22.778999999999996,2023,5,28
2023-06-04,,,,21.947000000000003,2023,6,4
2023-06-11,,14.725000000000023,,,2023,6,11
2023-06-12,,,,,2023,6,12
2023-06-13,,,,20.899,2023,6,13
2023-06-16,,11.300000000000011,,,2023,6,16
2023-06-20,,,,,2023,6,20
2023-06-28,,,,,2023,6,28
2023-06-28,,13.424000000000035,,,2023,6,28
2023-07-03,,15.182000000000016,,,2023,7,3
2023-07-06,,,,,2023,7,6
2023-07-08,,22.807000000000016,,,2023,7,8
2023-07-14,,,,,2023,7,14
2023-07-22,,,,,2023,7,22
2023-07-30,,,,,2023,7,30
2023-07-30,,,,,2023,7,30
2023-08-15,,,23.317000000000007,,2023,8,15
2023-08-16,,,,,2023,8,16
2023-08-21,,20.686000000000035,,,2023,8,21
2023-08-23,,,,24.446000000000026,2023,8,23
2023-08-26,,,,,2023,8,26
2023-08-31,,,,,2023,8,31
2023-09-08,,,,24.665999999999997,2023,9,8
2023-09-12,,14.025000000000034,,,2023,9,12
2023-09-16,,,21.325000000000045,,2023,9,16
2023-09-17,,15.697000000000003,,,2023,9,17
2023-09-24,,,,,2023,9,24
2023-10-02,,,11.271000000000015,,2023,10,2
2023-10-09,,,,,2023,10,9
2023-10-10,,,,,2023,10,10
2023-10-14,,,,,2023,10,14
2023-10-18,,,,,2023,10,18
2023-10-19,,,,,2023,10,19
2023-10-26,,,,,2023,10,26
2023-11-19,,,,,2023,11,19
2023-11-27,,,,,2023,11,27
2023-12-05,,,,,2023,12,5
2023-12-13,,,,,2023,12,13
2023-12-29,,,,,2023,12,29
2024-01-30,,,,1.68100000000004,2024,1,30
2024-02-07,,,,,2024,2,7
2024-02-15,,,,,2024,2,15
2024-02-16,,,,,2024,2,16
2024-03-02,,,,,2024,3,2
2024-03-03,,,,,2024,3,3
2024-03-10,,,,,2024,3,10
2024-03-11,,,,3.772000000000048,2024,3,11
2024-03-18,,,,,2024,3,18
2024-03-19,,,,,2024,3,19
2024-03-26,,,,,2024,3,26
2024-03-27,,,,,2024,3,27
2024-04-03,,,,,2024,4,3
2024-04-04,,,,,2024,4,4
2024-04-11,,,13.133000000000038,,2024,4,11
2024-04-12,,,,,2024,4,12
2024-04-19,,,,,2024,4,19
2024-04-27,,,6.834000000000003,,2024,4,27
2024-04-28,,,,,2024,4,28
2024-05-05,,,,,2024,5,5
2024-05-06,,,10.89100000000002,,2024,5,6
2024-05-13,,,21.773000000000025,,2024,5,13
2024-05-14,,,,,2024,5,14
2024-05-21,,,,,2024,5,21
2024-05-29,,,,,2024,5,29
2024-05-30,,,,,2024,5,30
2024-06-06,,,,15.064999999999998,2024,6,6
2024-06-14,,,,,2024,6,14
2024-06-15,,,,,2024,6,15
2024-06-22,,,,16.345000000000027,2024,6,22
2024-06-30,,,18.621000000000038,,2024,6,30
2024-07-08,,,,,2024,7,8
2024-07-24,,,,17.04200000000003,2024,7,24
2024-08-01,,,24.499000000000024,,2024,8,1
2024-08-09,,,,17.564999999999998,2024,8,9
2024-09-02,,,,,2024,9,2
2024-09-10,,,,,2024,9,10
2024-09-18,,,15.992000000000019,,2024,9,18
2024-09-26,,,,,2024,9,26
2024-10-12,,,,,2024,10,12
2024-10-20,,,,,2024,10,20
2024-10-21,,,,11.946000000000026,2024,10,21
2024-10-28,,,,12.336000000000013,2024,10,28
2024-11-05,,,,,2024,11,5
2024-11-22,,,,,2024,11,22
2024-11-29,,,,,2024,11,29
2024-11-30,,,-3.617999999999995,,2024,11,30
2024-12-07,,,,,2024,12,7
2024-12-24,,,,,2024,12,24
2024-12-31,,,,-1.8899999999999864,2024,12,31
2025-01-16,,,,,2025,1,16
2025-01-24,,,,,2025,1,24
2025-01-25,,,,,2025,1,25
2025-02-01,,,,-5.829999999999984,2025,2,1
2025-02-02,,,,,2025,2,2
2025-02-09,,,1.1520000000000437,,2025,2,9
2025-02-10,,,,,2025,2,10
2025-02-17,,,,,2025,2,17
2025-02-18,,,-8.475999999999999,,2025,2,18
2025-02-25,,,,,2025,2,25
2025-02-26,,,,,2025,2,26
2025-03-05,,,,4.947000000000003,2025,3,5
2025-03-06,,,7.174000000000035,,2025,3,6
2025-03-21,,,,6.956000000000017,2025,3,21
2025-03-22,,,,,2025,3,22
2025-03-30,,,,,2025,3,30
2025-04-06,,,,0.8490000000000464,2025,4,6
2025-04-14,,,,,2025,4,14
2025-04-15,,,,,2025,4,15
2025-04-22,,,,15.913000000000011,2025,4,22
2025-04-23,,,,,2025,4,23
2025-04-30,,,20.89100000000002,,2025,4,30
2025-05-01,,,,,2025,5,1
2025-05-08,,,,,2025,5,8
2025-05-16,,,,,2025,5,16
2025-05-17,,,,,2025,5,17
2025-05-24,,,,,2025,5,24
2025-06-01,,,,,2025,6,1
2025-06-09,,,,14.162000000000035,2025,6,9
2025-06-17,,,19.64300000000003,,2025,6,17
2025-06-25,,,,24.361000000000047,2025,6,25
2025-07-03,,,26.331000000000017,,2025,7,3
2025-07-11,,,,,2025,7,11
2025-07-19,,,,,2025,7,19
2025-07-27,,,,,2025,7,27
2025-08-12,,,,24.57800000000003,2025,8,12
2025-08-20,,,,,2025,8,20
2025-08-28,,,,23.70300000000003,2025,8,28
2025-09-13,,,,,2025,9,13
2025-09-21,,,23.62900000000002,,2025,9,21
2025-09-29,,,,,2025,9,29
2025-10-23,,,,,2025,10,23
2025-10-31,,,,,2025,10,31
2025-11-08,,,,,2025,11,8
2025-11-16,,,,,2025,11,16
2025-11-24,,,,,2025,11,24
2025-12-02,,,,,2025,12,2
2025-12-10,,,4.983000000000004,,2025,12,10
2025-12-18,,,,3.9750000000000227,2025,12,18
2025-12-19,,,,,2025,12,19
2025-12-26,,,,,2025,12,26
2025-12-27,,,,0.25600000000002865,2025,12,27
