system:time_start,LST_C_L5,LST_C_L7,LST_C_L8,LST_C_L9,year,month,day
1984-06-25,6.53,,,,1984,6,25
1984-07-11,38.084,,,,1984,7,11
1984-09-29,,,,,1984,9,29
1984-10-15,,,,,1984,10,15
1984-10-31,13.487,,,,1984,10,31
1984-12-02,,,,,1984,12,2
1985-01-19,-14.512,,,,1985,1,19
1985-03-24,,,,,1985,3,24
1985-05-11,,,,,1985,5,11
1985-08-31,,,,,1985,8,31
1986-02-07,,,,,1986,2,7
1986-02-23,,,,,1986,2,23
1986-04-21,,,,,1986,4,21
1986-04-28,,,,,1986,4,28
1986-05-07,20.484,,,,1986,5,7
1986-05-14,19.657,,,,1986,5,14
1986-05-23,,,,,1986,5,23
1986-06-15,27.122,,,,1986,6,15
1986-06-24,,,,,1986,6,24
1986-07-01,26.943,,,,1986,7,1
1986-07-10,,,,,1986,7,10
1986-07-17,,,,,1986,7,17
1986-08-02,,,,,1986,8,2
1986-08-18,,,,,1986,8,18
1986-09-03,,,,,1986,9,3
1986-09-19,,,,,1986,9,19
1986-10-14,,,,,1986,10,14
1986-10-21,,,,,1986,10,21
1986-10-30,4.658,,,,1986,10,30
1986-11-15,,,,,1986,11,15
1987-01-25,,,,,1987,1,25
1987-02-26,-10.694,,,,1987,2,26
1987-03-14,-11.27,,,,1987,3,14
1987-03-30,,,,,1987,3,30
1987-05-01,,,,,1987,5,1
1987-05-17,,,,,1987,5,17
1987-06-02,,,,,1987,6,2
1987-07-04,,,,,1987,7,4
1987-07-20,,,,,1987,7,20
1987-08-21,,,,,1987,8,21
1987-09-22,,,,,1987,9,22
1987-10-08,,,,,1987,10,8
1987-10-24,,,,,1987,10,24
1988-02-29,,,,,1988,2,29
1988-05-03,,,,,1988,5,3
1988-07-06,,,,,1988,7,6
1988-07-22,,,,,1988,7,22
1988-08-07,,,,,1988,8,7
1988-09-08,12.751,,,,1988,9,8
1988-09-24,,,,,1988,9,24
1988-10-26,-2.67,,,,1988,10,26
1988-11-11,-3.072,,,,1988,11,11
1989-01-30,-7.628,,,,1989,1,30
1989-03-19,-3.493,,,,1989,3,19
1989-06-07,,,,,1989,6,7
1989-06-23,,,,,1989,6,23
1989-07-25,,,,,1989,7,25
1989-08-10,19.066,,,,1989,8,10
1989-08-26,18.032,,,,1989,8,26
1989-09-11,,,,,1989,9,11
1989-10-06,10.189,,,,1989,10,6
1989-10-13,,,,,1989,10,13
1989-11-14,,,,,1989,11,14
1990-02-02,,,,,1990,2,2
1990-02-18,,,,,1990,2,18
1990-03-06,,,,,1990,3,6
1990-03-15,-3.493,,,,1990,3,15
1990-03-22,,,,,1990,3,22
1990-05-09,26.817,,,,1990,5,9
1990-06-10,,,,,1990,6,10
1990-07-12,25.134,,,,1990,7,12
1990-07-28,,,,,1990,7,28
1990-08-13,25.707,,,,1990,8,13
1990-08-29,20.013,,,,1990,8,29
1990-09-30,,,,,1990,9,30
1990-10-16,17.373,,,,1990,10,16
1991-01-20,-14.512,,,,1991,1,20
1991-04-10,,,,,1991,4,10
1991-05-28,,,,,1991,5,28
1991-06-13,,,,,1991,6,13
1991-07-15,,,,,1991,7,15
1991-07-31,,,,,1991,7,31
1991-08-16,20.874,,,,1991,8,16
1991-09-01,20.873,,,,1991,9,1
1991-10-03,,,,,1991,10,3
1991-10-19,,,,,1991,10,19
1992-04-12,,,,,1992,4,12
1992-04-28,,,,,1992,4,28
1992-05-14,,,,,1992,5,14
1992-05-30,,,,,1992,5,30
1992-07-01,26.986,,,,1992,7,1
1992-07-17,22.025,,,,1992,7,17
1992-08-02,,,,,1992,8,2
1992-09-03,,,,,1992,9,3
1992-09-19,17.076,,,,1992,9,19
1992-11-06,,,,,1992,11,6
1993-01-25,,,,,1993,1,25
1993-03-14,-2.985,,,,1993,3,14
1993-03-30,,,,,1993,3,30
1993-04-15,,,,,1993,4,15
1993-05-01,,,,,1993,5,1
1993-05-17,,,,,1993,5,17
1993-06-02,,,,,1993,6,2
1993-06-18,,,,,1993,6,18
1993-07-04,,,,,1993,7,4
1993-07-20,,,,,1993,7,20
1993-08-05,19.525,,,,1993,8,5
1993-08-21,,,,,1993,8,21
1993-09-06,,,,,1993,9,6
1993-09-22,,,,,1993,9,22
1993-10-08,,,,,1993,10,8
1994-02-13,,,,,1994,2,13
1994-03-17,,,,,1994,3,17
1994-04-02,,,,,1994,4,2
1994-04-18,,,,,1994,4,18
1994-05-04,-4.657,,,,1994,5,4
1994-06-05,,,,,1994,6,5
1994-06-21,22.487,,,,1994,6,21
1994-07-07,,,,,1994,7,7
1994-07-23,26.879,,,,1994,7,23
1994-08-08,,,,,1994,8,8
1994-08-24,,,,,1994,8,24
1994-09-09,,,,,1994,9,9
1994-09-25,,,,,1994,9,25
1994-10-11,2.133,,,,1994,10,11
1994-10-27,,,,,1994,10,27
1994-11-12,,,,,1994,11,12
1995-01-31,,,,,1995,1,31
1995-02-16,,,,,1995,2,16
1995-03-20,,,,,1995,3,20
1995-04-05,-3.248,,,,1995,4,5
1995-04-21,-1.782,,,,1995,4,21
1995-05-23,13.193,,,,1995,5,23
1995-06-24,,,,,1995,6,24
1995-07-10,30.418,,,,1995,7,10
1995-08-04,,,,,1995,8,4
1995-08-11,17.665,,,,1995,8,11
1995-08-20,19.837,,,,1995,8,20
1995-09-05,,,,,1995,9,5
1995-09-12,,,,,1995,9,12
1995-10-23,,,,,1995,10,23
1995-11-15,,,,,1995,11,15
1996-04-07,-2.701,,,,1996,4,7
1996-04-23,-1.186,,,,1996,4,23
1996-05-25,,,,,1996,5,25
1996-06-10,,,,,1996,6,10
1996-06-26,,,,,1996,6,26
1996-07-28,,,,,1996,7,28
1996-08-13,,,,,1996,8,13
1996-08-29,,,,,1996,8,29
1996-09-30,,,,,1996,9,30
1996-10-16,,,,,1996,10,16
1997-04-10,,,,,1997,4,10
1997-06-13,,,,,1997,6,13
1997-06-29,23.674,,,,1997,6,29
1997-07-15,,,,,1997,7,15
1997-07-31,18.25,,,,1997,7,31
1997-08-16,19.499,,,,1997,8,16
1997-09-01,,,,,1997,9,1
1997-09-17,17.469,,,,1997,9,17
1997-11-04,,,,,1997,11,4
1997-11-20,-9.456,,,,1997,11,20
1997-12-06,,,,,1997,12,6
1998-02-08,,,,,1998,2,8
1998-04-13,,,,,1998,4,13
1998-04-29,,,,,1998,4,29
1998-05-15,,,,,1998,5,15
1998-05-31,,,,,1998,5,31
1998-06-16,,,,,1998,6,16
1998-08-19,,,,,1998,8,19
1998-09-20,,,,,1998,9,20
1998-10-22,,,,,1998,10,22
1998-11-07,,,,,1998,11,7
1999-02-27,-3.591,,,,1999,2,27
1999-05-02,-1.206,,,,1999,5,2
1999-05-18,,,,,1999,5,18
1999-06-03,,,,,1999,6,3
1999-07-05,26.338,,,,1999,7,5
1999-07-13,,,,,1999,7,13
1999-07-21,,,,,1999,7,21
1999-07-29,,,,,1999,7,29
1999-08-06,,,,,1999,8,6
1999-08-14,,,,,1999,8,14
1999-08-22,,,,,1999,8,22
1999-08-30,,,,,1999,8,30
1999-09-07,,,,,1999,9,7
1999-09-15,,23.97,,,1999,9,15
1999-09-23,,,,,1999,9,23
1999-10-01,,,,,1999,10,1
1999-10-18,-0.642,,,,1999,10,18
1999-10-25,,,,,1999,10,25
1999-11-02,,,,,1999,11,2
1999-11-18,,,,,1999,11,18
1999-12-04,,,,,1999,12,4
1999-12-20,,,,,1999,12,20
2000-01-05,,,,,2000,1,5
2000-01-13,-12.476,,,,2000,1,13
2000-02-22,,,,,2000,2,22
2000-04-10,,-4.434,,,2000,4,10
2000-04-26,,0.525,,,2000,4,26
2000-05-04,,,,,2000,5,4
2000-05-12,,22.794,,,2000,5,12
2000-05-28,,,,,2000,5,28
2000-06-05,30.759,,,,2000,6,5
2000-06-13,,31.495,,,2000,6,13
2000-07-23,,,,,2000,7,23
2000-07-31,,,,,2000,7,31
2000-08-08,,,,,2000,8,8
2000-08-16,,,,,2000,8,16
2000-09-01,,,,,2000,9,1
2000-09-09,18.81,,,,2000,9,9
2000-10-27,,,,,2000,10,27
2000-11-20,,,,,2000,11,20
2000-12-06,,,,,2000,12,6
2000-12-22,,-14.44,,,2000,12,22
2001-01-15,-10.694,,,,2001,1,15
2001-02-24,,,,,2001,2,24
2001-03-12,,,,,2001,3,12
2001-03-28,,-6.702,,,2001,3,28
2001-04-29,,,,,2001,4,29
2001-05-15,,,,,2001,5,15
2001-05-23,24.152,,,,2001,5,23
2001-05-31,,,,,2001,5,31
2001-06-24,,,,,2001,6,24
2001-07-02,,,,,2001,7,2
2001-07-18,,20.802,,,2001,7,18
2001-07-26,,,,,2001,7,26
2001-08-03,,,,,2001,8,3
2001-08-11,,,,,2001,8,11
2001-08-19,,23.728,,,2001,8,19
2001-08-27,,,,,2001,8,27
2001-09-04,,-12.581,,,2001,9,4
2001-09-20,,,,,2001,9,20
2001-10-06,,14.612,,,2001,10,6
2001-11-07,,,,,2001,11,7
2001-11-15,,,,,2001,11,15
2001-12-09,,-11.553,,,2001,12,9
2002-01-10,,,,,2002,1,10
2002-01-26,,,,,2002,1,26
2002-02-03,-2.382,,,,2002,2,3
2002-02-11,,,,,2002,2,11
2002-02-19,,,,,2002,2,19
2002-02-27,,,,,2002,2,27
2002-03-07,,,,,2002,3,7
2002-03-31,,-1.691,,,2002,3,31
2002-04-16,,,,,2002,4,16
2002-05-02,,-1.812,,,2002,5,2
2002-05-18,,,,,2002,5,18
2002-05-19,,,,,2002,5,19
2002-06-03,,,,,2002,6,3
2002-06-11,,,,,2002,6,11
2002-06-19,,,,,2002,6,19
2002-06-20,,,,,2002,6,20
2002-06-27,,,,,2002,6,27
2002-07-05,,,,,2002,7,5
2002-07-21,,21.43,,,2002,7,21
2002-08-06,,,,,2002,8,6
2002-08-22,,,,,2002,8,22
2002-09-07,,,,,2002,9,7
2002-10-25,,,,,2002,10,25
2002-11-10,,,,,2002,11,10
2002-11-26,,,,,2002,11,26
2003-01-29,,,,,2003,1,29
2003-02-14,,,,,2003,2,14
2003-03-02,,,,,2003,3,2
2003-03-18,,,,,2003,3,18
2003-04-19,,,,,2003,4,19
2003-05-05,,22.257,,,2003,5,5
2003-05-21,,,,,2003,5,21
2003-07-16,,,,,2003,7,16
2003-08-01,,,,,2003,8,1
2003-08-17,25.948,,,,2003,8,17
2003-09-02,,,,,2003,9,2
2003-09-18,23.393,,,,2003,9,18
2003-09-26,,14.641,,,2003,9,26
2003-10-28,,,,,2003,10,28
2003-11-13,,,,,2003,11,13
2004-01-24,-18.123,,,,2004,1,24
2004-02-25,,,,,2004,2,25
2004-03-12,,,,,2004,3,12
2004-04-13,,,,,2004,4,13
2004-05-31,,,,,2004,5,31
2004-06-08,,,,,2004,6,8
2004-06-24,,,,,2004,6,24
2004-07-02,,,,,2004,7,2
2004-07-18,,,,,2004,7,18
2004-08-03,,,,,2004,8,3
2004-08-11,,,,,2004,8,11
2004-08-19,,,,,2004,8,19
2004-09-04,22.05,,,,2004,9,4
2004-09-20,,,,,2004,9,20
2004-10-22,4.61,,,,2004,10,22
2004-10-30,,12.264,,,2004,10,30
2004-12-01,,,,,2004,12,1
2004-12-09,,,,,2004,12,9
2004-12-25,-4.815,,,,2004,12,25
2005-01-10,,,,,2005,1,10
2005-01-26,,,,,2005,1,26
2005-02-27,,,,,2005,2,27
2005-03-15,,,,,2005,3,15
2005-03-31,-2.343,,,,2005,3,31
2005-04-16,0.584,,,,2005,4,16
2005-04-24,,,,,2005,4,24
2005-05-02,-0.504,,,,2005,5,2
2005-05-10,,,,,2005,5,10
2005-05-26,,,,,2005,5,26
2005-06-03,,,,,2005,6,3
2005-06-19,,,,,2005,6,19
2005-06-27,,24.717,,,2005,6,27
2005-07-21,,,,,2005,7,21
2005-07-29,,32.55,,,2005,7,29
2005-08-06,,,,,2005,8,6
2005-08-22,17.191,,,,2005,8,22
2005-08-30,,,,,2005,8,30
2005-09-07,20.877,,,,2005,9,7
2005-09-23,21.044,,,,2005,9,23
2005-10-01,,,,,2005,10,1
2005-10-09,10.301,,,,2005,10,9
2005-10-25,,,,,2005,10,25
2005-11-10,,,,,2005,11,10
2005-11-18,,,,,2005,11,18
2005-11-26,,,,,2005,11,26
2005-12-04,,,,,2005,12,4
2006-02-14,,,,,2006,2,14
2006-04-03,,,,,2006,4,3
2006-04-19,,,,,2006,4,19
2006-05-05,0.584,,,,2006,5,5
2006-05-21,,,,,2006,5,21
2006-06-14,,32.148,,,2006,6,14
2006-06-22,,,,,2006,6,22
2006-07-08,29.29,,,,2006,7,8
2006-07-16,,20.239,,,2006,7,16
2006-07-24,,,,,2006,7,24
2006-08-09,,,,,2006,8,9
2006-08-25,,,,,2006,8,25
2006-09-10,21.516,,,,2006,9,10
2006-09-26,18.887,,,,2006,9,26
2006-10-12,,,,,2006,10,12
2006-10-28,8.698,,,,2006,10,28
2006-12-07,,,,,2006,12,7
2007-01-16,,,,,2007,1,16
2007-02-17,-6.601,,,,2007,2,17
2007-02-26,,,,,2007,2,26
2007-03-05,,,,,2007,3,5
2007-03-13,,-1.691,,,2007,3,13
2007-03-14,0.477,,,,2007,3,14
2007-03-29,,,,,2007,3,29
2007-04-14,,0.951,,,2007,4,14
2007-04-30,,,,,2007,4,30
2007-05-01,,,,,2007,5,1
2007-05-08,,,,,2007,5,8
2007-05-24,,,,,2007,5,24
2007-06-09,,,,,2007,6,9
2007-06-25,,,,,2007,6,25
2007-07-11,,,,,2007,7,11
2007-07-19,,24.415,,,2007,7,19
2007-07-27,,,,,2007,7,27
2007-08-04,,16.053,,,2007,8,4
2007-08-28,,,,,2007,8,28
2007-09-13,,,,,2007,9,13
2007-09-29,,,,,2007,9,29
2008-03-07,,,,,2008,3,7
2008-03-31,,0.297,,,2008,3,31
2008-05-02,,,,,2008,5,2
2008-05-26,,,,,2008,5,26
2008-06-03,,29.355,,,2008,6,3
2008-08-06,,,,,2008,8,6
2008-08-23,,,,,2008,8,23
2008-08-30,,,,,2008,8,30
2008-09-08,,,,,2008,9,8
2008-10-01,,,,,2008,10,1
2008-10-09,,,,,2008,10,9
2008-10-17,,,,,2008,10,17
2008-10-25,,,,,2008,10,25
2009-02-06,,,,,2009,2,6
2009-04-03,,0.951,,,2009,4,3
2009-04-19,,,,,2009,4,19
2009-04-27,-1.782,,,,2009,4,27
2009-05-13,,,,,2009,5,13
2009-06-14,23.236,,,,2009,6,14
2009-06-30,,,,,2009,6,30
2009-07-16,,,,,2009,7,16
2009-07-24,,,,,2009,7,24
2009-08-01,22.808,,,,2009,8,1
2009-08-17,14.547,,,,2009,8,17
2009-08-25,,24.579,,,2009,8,25
2009-09-02,,,,,2009,9,2
2009-09-10,,19.617,,,2009,9,10
2009-09-18,,,,,2009,9,18
2009-09-26,,17.611,,,2009,9,26
2009-10-04,,,,,2009,10,4
2009-11-05,,,,,2009,11,5
2009-11-21,,,,,2009,11,21
2009-12-07,,,,,2009,12,7
2010-01-24,-16.199,,,,2010,1,24
2010-02-09,,,,,2010,2,9
2010-03-29,,,,,2010,3,29
2010-04-06,,-0.361,,,2010,4,6
2010-04-22,,,,,2010,4,22
2010-04-30,,,,,2010,4,30
2010-06-17,22.636,,,,2010,6,17
2010-07-03,23.302,,,,2010,7,3
2010-07-11,,,,,2010,7,11
2010-07-19,,,,,2010,7,19
2010-07-27,,15.04,,,2010,7,27
2010-08-04,,,,,2010,8,4
2010-08-12,,,,,2010,8,12
2010-08-20,,,,,2010,8,20
2010-09-05,,,,,2010,9,5
2010-09-21,,,,,2010,9,21
2010-10-07,,,,,2010,10,7
2010-10-23,,,,,2010,10,23
2011-02-12,,,,,2011,2,12
2011-02-28,-2.343,,,,2011,2,28
2011-03-16,,,,,2011,3,16
2011-03-24,,0.297,,,2011,3,24
2011-04-09,,,,,2011,4,9
2011-04-17,,,,,2011,4,17
2011-04-25,,,,,2011,4,25
2011-05-19,,,,,2011,5,19
2011-06-04,,,,,2011,6,4
2011-06-20,,,,,2011,6,20
2011-06-28,,22.792,,,2011,6,28
2011-07-06,,,,,2011,7,6
2011-07-14,,,,,2011,7,14
2011-08-23,29.232,,,,2011,8,23
2011-08-31,,,,,2011,8,31
2011-09-16,,,,,2011,9,16
2011-09-24,,,,,2011,9,24
2011-10-02,,21.176,,,2011,10,2
2011-10-18,,,,,2011,10,18
2011-11-03,,7.852,,,2011,11,3
2011-11-19,,,,,2011,11,19
2012-03-26,,-1.024,,,2012,3,26
2012-04-11,,-2.967,,,2012,4,11
2012-04-27,,-0.527,,,2012,4,27
2012-05-13,,,,,2012,5,13
2012-05-29,,,,,2012,5,29
2012-06-30,,,,,2012,6,30
2012-08-01,,,,,2012,8,1
2012-08-17,,,,,2012,8,17
2012-09-18,,,,,2012,9,18
2012-10-04,,,,,2012,10,4
2012-10-20,,21.959,,,2012,10,20
2012-11-21,,,,,2012,11,21
2012-12-07,,,,,2012,12,7
2013-03-29,,,,,2013,3,29
2013-03-29,,,,,2013,3,29
2013-04-14,,,,,2013,4,14
2013-04-22,,,1.161,,2013,4,22
2013-04-30,,,,,2013,4,30
2013-06-09,,,,,2013,6,9
2013-06-17,,27.339,,,2013,6,17
2013-07-03,,,,,2013,7,3
2013-07-19,,26.146,,,2013,7,19
2013-07-27,,,29.887,,2013,7,27
2013-08-04,,22.921,,,2013,8,4
2013-08-12,,,20.202,,2013,8,12
2013-08-28,,,,,2013,8,28
2013-09-05,,,,,2013,9,5
2013-09-13,,,,,2013,9,13
2013-09-29,,,9.982,,2013,9,29
2013-10-07,,,,,2013,10,7
2013-10-15,,,,,2013,10,15
2013-10-23,,,,,2013,10,23
2013-10-31,,,3.879,,2013,10,31
2013-11-08,,,,,2013,11,8
2013-11-16,,,,,2013,11,16
2013-12-02,,,-6.819,,2013,12,2
2013-12-18,,,-5.583,,2013,12,18
2014-01-03,,,,,2014,1,3
2014-01-11,,,,,2014,1,11
2014-01-19,,,,,2014,1,19
2014-02-04,,,-3.952,,2014,2,4
2014-02-12,,,,,2014,2,12
2014-02-20,,,,,2014,2,20
2014-02-28,,,,,2014,2,28
2014-03-08,,,0.662,,2014,3,8
2014-04-09,,,,,2014,4,9
2014-04-17,,-0.361,,,2014,4,17
2014-04-25,,,,,2014,4,25
2014-05-11,,,,,2014,5,11
2014-05-19,,,,,2014,5,19
2014-06-04,,,,,2014,6,4
2014-06-12,,,,,2014,6,12
2014-06-28,,,,,2014,6,28
2014-07-06,,,,,2014,7,6
2014-07-14,,,,,2014,7,14
2014-07-22,,20.786,,,2014,7,22
2014-07-30,,,,,2014,7,30
2014-08-07,,,,,2014,8,7
2014-08-15,,,15.774,,2014,8,15
2014-08-23,,,,,2014,8,23
2014-08-31,,,,,2014,8,31
2014-09-08,,17.776,,,2014,9,8
2014-09-16,,,,,2014,9,16
2014-09-24,,10.226,,,2014,9,24
2014-10-02,,,,,2014,10,2
2014-10-10,,,,,2014,10,10
2014-10-18,,,,,2014,10,18
2014-10-26,,,,,2014,10,26
2014-11-03,,,,,2014,11,3
2014-11-27,,,,,2014,11,27
2014-12-13,,,,,2014,12,13
2014-12-21,,,,,2014,12,21
2015-01-06,,,-12.784,,2015,1,6
2015-01-14,,,,,2015,1,14
2015-02-07,,,-7.095,,2015,2,7
2015-02-15,,,,,2015,2,15
2015-02-23,,,,,2015,2,23
2015-03-03,,,,,2015,3,3
2015-03-11,,,,,2015,3,11
2015-03-19,,-0.834,,,2015,3,19
2015-04-12,,,,,2015,4,12
2015-04-20,,0.297,,,2015,4,20
2015-05-14,,,,,2015,5,14
2015-05-22,,19.344,,,2015,5,22
2015-05-30,,,,,2015,5,30
2015-06-07,,,,,2015,6,7
2015-06-23,,,,,2015,6,23
2015-07-01,,,,,2015,7,1
2015-07-09,,,,,2015,7,9
2015-07-17,,,,,2015,7,17
2015-07-25,,,,,2015,7,25
2015-08-02,,,,,2015,8,2
2015-08-10,,,,,2015,8,10
2015-08-26,,9.83,,,2015,8,26
2015-09-03,,,19.233,,2015,9,3
2015-09-19,,,,,2015,9,19
2015-09-27,,,,,2015,9,27
2015-10-05,,,,,2015,10,5
2015-10-29,,,,,2015,10,29
2015-11-06,,,,,2015,11,6
2015-11-14,,,,,2015,11,14
2015-11-22,,,,,2015,11,22
2015-11-30,,,,,2015,11,30
2015-12-08,,,,,2015,12,8
2015-12-16,,,,,2015,12,16
2015-12-24,,,,,2015,12,24
2016-01-09,,,,,2016,1,9
2016-01-17,,,,,2016,1,17
2016-02-02,,,,,2016,2,2
2016-02-18,,,,,2016,2,18
2016-02-26,,,,,2016,2,26
2016-03-05,,,,,2016,3,5
2016-03-13,,,,,2016,3,13
2016-03-29,,,,,2016,3,29
2016-04-06,,,,,2016,4,6
2016-04-22,,0.951,,,2016,4,22
2016-04-30,,,,,2016,4,30
2016-05-08,,,,,2016,5,8
2016-05-16,,,,,2016,5,16
2016-05-24,,,,,2016,5,24
2016-06-01,,,,,2016,6,1
2016-06-25,,,,,2016,6,25
2016-07-03,,,,,2016,7,3
2016-07-11,,,,,2016,7,11
2016-07-19,,,,,2016,7,19
2016-07-27,,,,,2016,7,27
2016-08-04,,,,,2016,8,4
2016-08-20,,,,,2016,8,20
2016-08-28,,27.507,,,2016,8,28
2016-09-05,,,,,2016,9,5
2016-09-13,,25.018,,,2016,9,13
2016-09-21,,,,,2016,9,21
2016-09-29,,17.704,,,2016,9,29
2016-10-07,,,-0.579,,2016,10,7
2016-10-15,,,,,2016,10,15
2016-10-23,,,,,2016,10,23
2016-10-31,,,,,2016,10,31
2016-11-08,,,,,2016,11,8
2016-11-16,,,,,2016,11,16
2016-12-02,,,,,2016,12,2
2016-12-10,,,,,2016,12,10
2017-01-11,,,,,2017,1,11
2017-01-19,,-13.811,,,2017,1,19
2017-01-27,,,-5.798,,2017,1,27
2017-02-20,,,,,2017,2,20
2017-02-28,,,,,2017,2,28
2017-03-08,,,,,2017,3,8
2017-03-16,,,-1.216,,2017,3,16
2017-03-24,,,,,2017,3,24
2017-04-01,,,1.161,,2017,4,1
2017-04-09,,,,,2017,4,9
2017-04-25,,,,,2017,4,25
2017-05-03,,,,,2017,5,3
2017-05-11,,,,,2017,5,11
2017-05-19,,,24.208,,2017,5,19
2017-05-27,,27.538,,,2017,5,27
2017-06-12,,,,,2017,6,12
2017-06-20,,,29.77,,2017,6,20
2017-06-28,,25.111,,,2017,6,28
2017-07-06,,,,,2017,7,6
2017-07-14,,,,,2017,7,14
2017-07-22,,,,,2017,7,22
2017-07-30,,24.311,,,2017,7,30
2017-08-07,,,,,2017,8,7
2017-08-15,,22.721,,,2017,8,15
2017-08-23,,,,,2017,8,23
2017-08-31,,24.541,,,2017,8,31
2017-09-08,,,,,2017,9,8
2017-10-02,,,,,2017,10,2
2017-10-18,,14.077,,,2017,10,18
2017-10-26,,,,,2017,10,26
2017-11-03,,,,,2017,11,3
2017-11-11,,,,,2017,11,11
2017-11-12,,,,,2017,11,12
2017-11-19,,,,,2017,11,19
2017-11-27,,,,,2017,11,27
2017-12-13,,,,,2017,12,13
2018-01-06,,,,,2018,1,6
2018-01-14,,,,,2018,1,14
2018-01-30,,,,,2018,1,30
2018-02-07,,-7.91,,,2018,2,7
2018-02-15,,,,,2018,2,15
2018-02-23,,,,,2018,2,23
2018-03-03,,,,,2018,3,3
2018-03-11,,,,,2018,3,11
2018-03-19,,,,,2018,3,19
2018-03-27,,,,,2018,3,27
2018-04-04,,,-6.663,,2018,4,4
2018-04-12,,,,,2018,4,12
2018-04-20,,,,,2018,4,20
2018-04-28,,19.188,,,2018,4,28
2018-05-06,,,18.804,,2018,5,6
2018-05-14,,23.661,,,2018,5,14
2018-05-22,,,,,2018,5,22
2018-05-30,,,,,2018,5,30
2018-06-07,,,27.394,,2018,6,7
2018-06-15,,24.337,,,2018,6,15
2018-06-23,,,,,2018,6,23
2018-07-01,,,,,2018,7,1
2018-07-09,,,,,2018,7,9
2018-07-25,,,26.109,,2018,7,25
2018-08-02,,20.534,,,2018,8,2
2018-08-10,,,,,2018,8,10
2018-08-18,,,,,2018,8,18
2018-08-26,,,,,2018,8,26
2018-09-03,,,,,2018,9,3
2018-09-11,,,,,2018,9,11
2018-09-19,,21.254,,,2018,9,19
2018-09-27,,,,,2018,9,27
2018-10-05,,14.559,,,2018,10,5
2018-10-13,,,16.976,,2018,10,13
2018-10-21,,,,,2018,10,21
2018-11-06,,,,,2018,11,6
2018-11-14,,,,,2018,11,14
2018-11-15,,,,,2018,11,15
2018-11-30,,,,,2018,11,30
2018-12-08,,,,,2018,12,8
2019-01-17,,,,,2019,1,17
2019-02-18,,,-1.429,,2019,2,18
2019-02-19,,,,,2019,2,19
2019-02-26,,-11.097,,,2019,2,26
2019-03-06,,,,,2019,3,6
2019-03-07,,,,,2019,3,7
2019-03-14,,,,,2019,3,14
2019-03-22,,,0.364,,2019,3,22
2019-03-23,,-0.164,,,2019,3,23
2019-03-30,,-2.362,,,2019,3,30
2019-04-07,,,,,2019,4,7
2019-04-08,,,,,2019,4,8
2019-04-15,,-0.361,,,2019,4,15
2019-04-23,,,0.448,,2019,4,23
2019-04-24,,,,,2019,4,24
2019-05-01,,,,,2019,5,1
2019-05-25,,,,,2019,5,25
2019-05-26,,,,,2019,5,26
2019-06-02,,27.338,,,2019,6,2
2019-06-10,,,,,2019,6,10
2019-06-11,,,,,2019,6,11
2019-06-18,,,,,2019,6,18
2019-06-26,,,35.771,,2019,6,26
2019-06-27,,29.048,,,2019,6,27
2019-07-04,,23.855,,,2019,7,4
2019-07-20,,,,,2019,7,20
2019-07-28,,,,,2019,7,28
2019-07-29,,29.4,,,2019,7,29
2019-08-05,,,,,2019,8,5
2019-08-13,,,,,2019,8,13
2019-08-14,,,,,2019,8,14
2019-08-21,,,,,2019,8,21
2019-08-29,,,25.549,,2019,8,29
2019-08-30,,,,,2019,8,30
2019-09-06,,,,,2019,9,6
2019-09-14,,,15.024,,2019,9,14
2019-09-15,,,,,2019,9,15
2019-09-22,,17.653,,,2019,9,22
2019-09-30,,,,,2019,9,30
2019-10-01,,,,,2019,10,1
2019-10-16,,,,,2019,10,16
2019-10-17,,,,,2019,10,17
2019-10-24,,,,,2019,10,24
2019-11-01,,,-0.439,,2019,11,1
2019-11-17,,,,,2019,11,17
2019-12-03,,,,,2019,12,3
2019-12-04,,-5.119,,,2019,12,4
2019-12-19,,,,,2019,12,19
2020-01-04,,,,,2020,1,4
2020-01-12,,,,,2020,1,12
2020-01-20,,,,,2020,1,20
2020-01-21,,,,,2020,1,21
2020-01-28,,,,,2020,1,28
2020-02-05,,,,,2020,2,5
2020-02-13,,,,,2020,2,13
2020-02-21,,,,,2020,2,21
2020-02-22,,,,,2020,2,22
2020-03-08,,,,,2020,3,8
2020-03-09,,,,,2020,3,9
2020-03-16,,-7.199,,,2020,3,16
2020-03-24,,,-7.339,,2020,3,24
2020-03-25,,,,,2020,3,25
2020-04-01,,-7.199,,,2020,4,1
2020-04-09,,,1.283,,2020,4,9
2020-04-10,,0.297,,,2020,4,10
2020-04-17,,,,,2020,4,17
2020-04-25,,,,,2020,4,25
2020-04-26,,,,,2020,4,26
2020-05-11,,,,,2020,5,11
2020-05-12,,0.951,,,2020,5,12
2020-05-19,,22.792,,,2020,5,19
2020-05-27,,,19.475,,2020,5,27
2020-06-04,,11.437,,,2020,6,4
2020-06-12,,,,,2020,6,12
2020-06-13,,31.266,,,2020,6,13
2020-06-28,,,,,2020,6,28
2020-07-06,,,,,2020,7,6
2020-07-14,,,,,2020,7,14
2020-07-15,,,,,2020,7,15
2020-07-22,,,,,2020,7,22
2020-07-30,,,23.495,,2020,7,30
2020-07-31,,,,,2020,7,31
2020-08-07,,27.938,,,2020,8,7
2020-08-15,,,,,2020,8,15
2020-08-16,,,,,2020,8,16
2020-08-23,,,,,2020,8,23
2020-09-08,,14.014,,,2020,9,8
2020-09-16,,,21.647,,2020,9,16
2020-09-17,,,,,2020,9,17
2020-09-24,,15.597,,,2020,9,24
2020-10-02,,,11.201,,2020,10,2
2020-10-03,,,,,2020,10,3
2020-10-10,,,,,2020,10,10
2020-10-19,,,,,2020,10,19
2020-10-26,,,,,2020,10,26
2020-11-19,,,,,2020,11,19
2020-11-20,,,,,2020,11,20
2020-11-27,,,,,2020,11,27
2020-12-05,,,,,2020,12,5
2021-01-22,,,,,2021,1,22
2021-02-15,,-18.205,,,2021,2,15
2021-02-23,,,,,2021,2,23
2021-02-24,,-4.397,,,2021,2,24
2021-03-03,,-1.691,,,2021,3,3
2021-03-28,,,,,2021,3,28
2021-04-04,,,,,2021,4,4
2021-04-20,,,,,2021,4,20
2021-04-28,,,,,2021,4,28
2021-04-29,,,,,2021,4,29
2021-05-06,,,,,2021,5,6
2021-05-15,,,,,2021,5,15
2021-05-22,,,,,2021,5,22
2021-05-30,,,,,2021,5,30
2021-05-31,,,,,2021,5,31
2021-06-07,,,,,2021,6,7
2021-06-15,,,17.888,,2021,6,15
2021-06-16,,,,,2021,6,16
2021-07-01,,,,,2021,7,1
2021-07-09,,,,,2021,7,9
2021-07-17,,,,,2021,7,17
2021-07-18,,18.812,,,2021,7,18
2021-07-25,,13.718,,,2021,7,25
2021-08-02,,,,,2021,8,2
2021-08-03,,,,,2021,8,3
2021-08-10,,,,,2021,8,10
2021-08-26,,,,,2021,8,26
2021-09-03,,,,,2021,9,3
2021-09-04,,18.167,,,2021,9,4
2021-09-11,,,,,2021,9,11
2021-09-27,,,,,2021,9,27
2021-10-05,,,,,2021,10,5
2021-10-21,,,,,2021,10,21
2021-10-22,,,,,2021,10,22
2021-10-29,,6.152,,,2021,10,29
2021-11-06,,,,,2021,11,6
2021-11-07,,,,,2021,11,7
2022-01-09,,,,,2022,1,9
2022-02-10,,,,,2022,2,10
2022-02-18,,,,,2022,2,18
2022-02-18,,,,,2022,2,18
2022-02-27,,,,,2022,2,27
2022-03-06,,,,,2022,3,6
2022-03-06,,,,,2022,3,6
2022-03-14,,,-3.822,,2022,3,14
2022-03-15,,,,,2022,3,15
2022-03-22,,-1.468,,,2022,3,22
2022-03-22,,,,-0.176,2022,3,22
2022-04-07,,,,,2022,4,7
2022-04-15,,,,,2022,4,15
2022-04-23,,,,0.52,2022,4,23
2022-05-01,,,,,2022,5,1
2022-05-09,,,,,2022,5,9
2022-05-15,,,,,2022,5,15
2022-05-20,,6.606,,,2022,5,20
2022-06-01,,,,,2022,6,1
2022-06-02,,,22.882,,2022,6,2
2022-06-06,,,,,2022,6,6
2022-06-10,,,,18.446,2022,6,10
2022-06-18,,23.899,,,2022,6,18
2022-06-18,,,28.301,,2022,6,18
2022-06-26,,,,,2022,6,26
2022-07-04,,,,,2022,7,4
2022-07-12,,,,,2022,7,12
2022-07-20,,,31.793,,2022,7,20
2022-07-22,,24.149,,,2022,7,22
2022-07-27,,,,,2022,7,27
2022-07-28,,,,,2022,7,28
2022-08-05,,,,,2022,8,5
2022-08-08,,17.498,,,2022,8,8
2022-08-13,,,,,2022,8,13
2022-08-13,,,,,2022,8,13
2022-08-25,,,,,2022,8,25
2022-08-29,,,,20.082,2022,8,29
2022-08-30,,16.836,,,2022,8,30
2022-08-30,,16.208,,,2022,8,30
2022-09-06,,,,,2022,9,6
2022-09-16,,,,,2022,9,16
2022-09-22,,,,,2022,9,22
2022-09-30,,,,,2022,9,30
2022-10-08,,,,,2022,10,8
2022-10-16,,,,,2022,10,16
2022-10-20,,6.238,,,2022,10,20
2022-10-24,,,,,2022,10,24
2022-11-01,,,,,2022,11,1
2022-11-06,,,,,2022,11,6
2022-11-09,,,,,2022,11,9
2022-11-25,,,,,2022,11,25
2022-12-27,,,,,2022,12,27
2023-01-04,,,,,2023,1,4
2023-01-12,,,,,2023,1,12
2023-01-20,,,,-11.982,2023,1,20
2023-02-05,,,,,2023,2,5
2023-02-21,,,,,2023,2,21
2023-03-01,,,-4.731,,2023,3,1
2023-03-10,,,,,2023,3,10
2023-03-15,,,,,2023,3,15
2023-03-17,,,-11.167,,2023,3,17
2023-03-25,,,,,2023,3,25
2023-04-10,,,,-0.518,2023,4,10
2023-04-23,,,,,2023,4,23
2023-04-26,,,,,2023,4,26
2023-05-04,,,,,2023,5,4
2023-05-10,,9.489,,,2023,5,10
2023-05-12,,,,,2023,5,12
2023-05-20,,,,,2023,5,20
2023-05-28,,,,,2023,5,28
2023-06-01,,6.604,,,2023,6,1
2023-06-05,,,,,2023,6,5
2023-06-13,,,,,2023,6,13
2023-06-21,,,24.428,,2023,6,21
2023-06-23,,,,,2023,6,23
2023-06-28,,,,,2023,6,28
2023-06-29,,,,,2023,6,29
2023-07-03,,,,,2023,7,3
2023-07-03,,,,,2023,7,3
2023-07-07,,,,,2023,7,7
2023-07-15,,,,27.267,2023,7,15
2023-07-15,,,,,2023,7,15
2023-07-20,,,,,2023,7,20
2023-07-23,,,9.48,,2023,7,23
2023-07-31,,,,,2023,7,31
2023-08-08,,,,,2023,8,8
2023-08-11,,,,,2023,8,11
2023-08-16,,,,,2023,8,16
2023-08-16,,,,,2023,8,16
2023-08-24,,,24.864,,2023,8,24
2023-09-01,,,,,2023,9,1
2023-09-02,,,,,2023,9,2
2023-09-07,,20.072,,,2023,9,7
2023-09-09,,,22.577,,2023,9,9
2023-09-12,,18.198,,,2023,9,12
2023-09-17,,,,,2023,9,17
2023-09-25,,,,,2023,9,25
2023-09-29,,14.821,,,2023,9,29
2023-10-03,,,,,2023,10,3
2023-10-04,,,,,2023,10,4
2023-10-11,,,,,2023,10,11
2023-10-19,,,,,2023,10,19
2023-11-04,,,,,2023,11,4
2023-11-12,,,,,2023,11,12
2023-12-30,,,,,2023,12,30
2024-01-23,,,,,2024,1,23
2024-02-16,,,,,2024,2,16
2024-02-24,,,,,2024,2,24
2024-03-11,,,,,2024,3,11
2024-03-19,,,-0.854,,2024,3,19
2024-03-27,,,,,2024,3,27
2024-04-04,,,,,2024,4,4
2024-04-12,,,,,2024,4,12
2024-04-28,,,,,2024,4,28
2024-05-14,,,,27.28,2024,5,14
2024-05-30,,,,20.197,2024,5,30
2024-06-07,,,,,2024,6,7
2024-06-15,,,,,2024,6,15
2024-06-23,,,,,2024,6,23
2024-07-01,,,,,2024,7,1
2024-07-09,,,,,2024,7,9
2024-07-17,,,,,2024,7,17
2024-07-25,,,,,2024,7,25
2024-08-10,,,,,2024,8,10
2024-08-18,,,,,2024,8,18
2024-08-26,,,,,2024,8,26
2024-09-03,,,,26.461,2024,9,3
2024-09-11,,,,,2024,9,11
2024-09-19,,,,,2024,9,19
2024-09-27,,,,,2024,9,27
2024-10-13,,,,,2024,10,13
2024-10-21,,,,,2024,10,21
2024-10-29,,,,,2024,10,29
2024-11-06,,,,,2024,11,6
2024-11-30,,,,,2024,11,30
2025-01-01,,,,,2025,1,1
2025-01-09,,,,,2025,1,9
2025-02-10,,,,,2025,2,10
2025-02-18,,,-13.22,,2025,2,18
2025-02-26,,,,,2025,2,26
2025-03-06,,,0.312,,2025,3,6
2025-03-22,,,0.559,,2025,3,22
2025-03-30,,,,,2025,3,30
2025-04-23,,,,,2025,4,23
2025-05-01,,,,,2025,5,1
2025-05-09,,,,,2025,5,9
2025-05-17,,,,,2025,5,17
2025-05-25,,,14.706,,2025,5,25
2025-06-10,,,,,2025,6,10
2025-06-18,,,,,2025,6,18
2025-06-26,,,,,2025,6,26
2025-07-04,,,,17.502,2025,7,4
2025-07-20,,,,,2025,7,20
2025-07-28,,,,,2025,7,28
2025-08-05,,,,,2025,8,5
2025-08-13,,,27.126,,2025,8,13
2025-08-21,,,,,2025,8,21
2025-08-29,,,,,2025,8,29
2025-09-06,,,,,2025,9,6
2025-09-30,,,,,2025,9,30
2025-11-01,,,,,2025,11,1
2025-12-03,,,,,2025,12,3
2025-12-11,,,,,2025,12,11
2025-12-19,,,,,2025,12,19
2025-12-27,,,,-0.478,2025,12,27
